custid,sex,is_employed,income,num_vehicles,age,state_of_res,gas_usage,rooms,marital_status_Divorced/Separated,marital_status_Married,marital_status_Never married,marital_status_Widowed,housing_type_Homeowner free and clear,housing_type_Homeowner with mortgage/loan,housing_type_Occupied with no rent,housing_type_Rented
001115999_01,1,0,-0.06,0.17,0.78,0.0625,-0.27,1.0,0,1,0,0,1,0,0,0
000566299_01,1,1,0.22,0.17,0.24,0.625,0.11,0.8,0,0,1,0,0,0,0,1
001397329_01,0,1,4.33,0.5,0.42,0.10416666666666666,0.87,0.2,0,1,0,0,0,1,0,0
000843100_01,0,0,-0.79,0.17,0.55,0.08333333333333333,-0.08,0.2,0,1,0,0,1,0,0,0
000260071_03,1,1,0.22,0.67,0.18,0.6041666666666666,2.2,0.0,0,1,0,0,0,1,0,0
000254582_02,1,1,2.24,0.33,0.13,0.08333333333333333,-0.61,0.2,0,1,0,0,0,1,0,0
000916197_03,0,0,-0.79,0.33,0.06,0.3333333333333333,0.49,0.2,1,0,0,0,0,1,0,0
000295424_04,0,1,-0.53,0.33,0.51,0.125,-0.6,0.4,0,1,0,0,0,1,0,0
001284781_02,0,0,-0.57,0.67,0.64,0.6666666666666666,-0.46,0.8,0,1,0,0,1,0,0,0
001021897_02,1,1,0.47,0.33,0.13,0.35416666666666663,-0.6,1.0,0,0,1,0,0,0,0,1
000492942_01,1,1,2.2,0.33,0.54,0.875,0.68,1.0,0,1,0,0,1,0,0,0
000397344_03,0,1,0.17,0.5,0.06,0.1875,-0.6,0.0,0,0,1,0,1,0,0,0
000734672_01,0,0,0.13,0.17,0.73,0.47916666666666663,0.3,1.0,0,0,0,1,1,0,0,0
001391631_02,0,1,0.47,0.33,0.17,0.8333333333333333,-0.46,0.6,0,1,0,0,0,1,0,0
000671652_02,0,1,0.57,0.5,0.13,0.8541666666666666,-0.6,0.8,0,1,0,0,0,1,0,0
000331874_04,1,1,0.62,0.67,0.59,0.6458333333333333,-0.6,0.8,0,1,0,0,0,1,0,0
000782616_03,1,0,-0.58,0.33,0.33,0.41666666666666663,3.54,0.2,0,0,1,0,1,0,0,0
000202989_02,0,0,-0.79,0.33,0.19,0.10416666666666666,-0.61,0.8,0,1,0,0,0,0,0,1
000120703_01,0,1,1.1,0.17,0.09,0.25,-0.6,0.2,0,0,1,0,0,0,0,1
000592400_01,0,0,-0.07,0.33,0.64,0.8541666666666666,0.3,0.4,0,0,0,1,0,1,0,0
000024190_01,1,1,1.1,0.17,0.4,0.08333333333333333,-0.08,0.0,1,0,0,0,0,0,0,1
001204446_02,0,0,-0.49,0.33,0.64,0.3333333333333333,0.11,0.0,0,1,0,0,1,0,0,0
000175580_01,0,0,-0.38,0.17,0.77,0.6458333333333333,-0.63,0.6,0,0,0,1,1,0,0,0
000870279_02,0,0,-0.36,0.17,0.46,0.14583333333333331,-0.61,0.0,0,1,0,0,0,0,0,1
000313508_02,0,1,0.42,0.33,0.14,0.4375,1.25,0.6,0,1,0,0,0,1,0,0
001148489_03,0,0,-0.53,0.33,0.28,0.2708333333333333,0.68,0.6,0,1,0,0,0,0,0,1
000885890_01,1,0,-0.45,0.33,0.69,0.4375,-0.6,0.8,0,1,0,0,0,1,0,0
000195750_02,0,0,-0.76,0.17,0.41,0.6458333333333333,1.63,0.0,0,0,1,0,1,0,0,0
001145954_01,1,1,0.1,0.17,0.21,0.9375,-0.6,0.8,0,1,0,0,0,0,0,1
000295924_03,0,1,0.83,0.17,0.19,0.3958333333333333,-0.6,0.8,1,0,0,0,0,1,0,0
001264173_01,1,1,0.47,0.67,0.44,0.08333333333333333,-0.61,0.4,0,1,0,0,1,0,0,0
000269175_01,0,1,0.56,0.17,0.22,0.6666666666666666,-0.27,1.0,1,0,0,0,0,1,0,0
000913388_02,0,1,0.3,0.33,0.26,0.7708333333333333,0.3,0.4,0,1,0,0,0,1,0,0
001363997_01,1,1,0.08,0.17,0.73,0.8541666666666666,-0.6,0.0,0,1,0,0,0,1,0,0
001093854_02,0,0,-0.47,0.0,0.37,0.9583333333333333,0.68,0.6,1,0,0,0,0,0,0,1
001001459_01,0,1,-0.3,0.17,0.06,0.22916666666666666,-0.08,0.8,0,1,0,0,0,1,0,0
000328643_02,1,0,-0.79,0.0,0.03,0.08333333333333333,-0.46,0.0,0,0,1,0,0,0,0,1
000000120_01,0,0,-0.38,0.33,0.77,0.6666666666666666,-0.6,0.0,1,0,0,0,0,0,0,1
000422194_02,0,1,1.35,0.5,0.32,0.08333333333333333,-0.08,1.0,0,1,0,0,1,0,0,0
000861400_01,0,1,0.01,0.67,0.63,0.08333333333333333,3.16,0.2,0,1,0,0,0,1,0,0
000425113_02,1,1,0.35,0.0,0.26,0.08333333333333333,-0.27,0.0,0,0,1,0,0,0,0,1
001139831_02,0,1,-0.51,0.33,0.14,0.4375,-0.63,0.2,0,1,0,0,0,1,0,0
001098177_02,1,1,0.35,0.33,0.19,0.7708333333333333,1.25,0.2,0,1,0,0,0,1,0,0
001454116_01,1,1,0.25,0.0,0.31,0.25,-0.6,0.6,0,0,1,0,0,0,0,1
001065739_02,0,0,-0.48,0.17,0.68,0.375,1.25,0.4,0,1,0,0,0,1,0,0
000862301_02,0,1,0.07,0.33,0.15,0.9791666666666666,-0.61,0.0,0,1,0,0,0,1,0,0
001359686_01,0,1,1.09,0.33,0.35,0.9166666666666666,1.25,0.4,0,1,0,0,0,1,0,0
000060133_01,1,1,1.73,0.33,0.09,0.3333333333333333,-0.61,0.2,0,1,0,0,0,1,0,0
000909727_01,0,1,0.52,0.33,0.47,0.875,-0.08,0.0,0,1,0,0,1,0,0,0
000440713_01,0,0,-0.48,0.33,0.73,0.7083333333333333,-0.6,0.6,0,1,0,0,0,1,0,0
000538073_01,1,1,2.01,0.33,0.09,1.0,-0.61,0.8,0,1,0,0,0,1,0,0
000213453_01,1,0,-0.41,0.33,0.62,0.875,-0.6,0.2,0,1,0,0,0,1,0,0
000958495_02,1,1,0.02,0.5,0.08,0.9166666666666666,-0.6,1.0,0,0,1,0,0,1,0,0
000750146_02,0,1,-0.13,0.33,0.6,0.4375,1.44,0.2,0,1,0,0,0,1,0,0
001073655_05,1,0,-0.79,0.0,0.0,0.08333333333333333,-0.6,0.0,0,0,1,0,0,0,0,1
000796895_01,1,0,0.53,0.33,0.72,0.4583333333333333,0.49,0.4,0,1,0,0,1,0,0,0
001036141_02,0,1,0.67,0.67,0.38,0.6041666666666666,0.87,0.4,0,1,0,0,0,1,0,0
001218721_01,1,1,0.1,0.5,0.28,0.5833333333333333,1.25,0.0,0,1,0,0,0,0,0,1
000415641_01,0,1,0.15,0.33,0.1,0.7083333333333333,-0.61,0.0,0,1,0,0,0,1,0,0
000238427_01,1,1,0.93,0.33,0.23,0.6041666666666666,1.06,0.6,0,1,0,0,0,1,0,0
000189844_02,1,1,0.52,0.33,0.46,0.3958333333333333,1.82,0.2,0,1,0,0,0,1,0,0
000511206_02,1,1,-0.68,0.67,0.05,0.7083333333333333,1.63,0.6,0,0,1,0,0,0,0,1
001073661_02,1,0,-0.79,0.17,0.59,0.08333333333333333,0.87,1.0,0,1,0,0,0,1,0,0
000742417_01,1,0,0.08,0.17,0.79,0.25,0.3,0.6,0,0,0,1,1,0,0,0
000039782_02,1,1,1.86,0.5,0.37,0.6041666666666666,0.3,0.0,0,1,0,0,0,1,0,0
001172289_01,1,1,-0.11,0.0,0.05,0.6458333333333333,-0.63,0.4,0,1,0,0,0,0,0,1
000079871_02,0,1,0.52,0.33,0.18,0.20833333333333331,-0.6,0.4,0,1,0,0,0,0,0,1
000173418_02,1,1,2.11,0.5,0.56,0.20833333333333331,-0.6,0.8,0,1,0,0,0,1,0,0
001459015_01,0,0,-0.76,0.33,0.06,0.8125,-0.58,0.4,0,0,1,0,0,0,0,1
000370855_01,1,0,-0.57,0.17,0.17,0.9375,-0.6,0.0,1,0,0,0,0,0,0,1
000968686_02,1,0,0.11,0.33,0.56,0.875,-0.6,0.4,0,1,0,0,0,1,0,0
001462250_01,1,0,-0.14,0.5,0.42,0.08333333333333333,2.4,0.0,0,1,0,0,0,1,0,0
000701757_02,0,1,0.52,0.33,0.37,0.7708333333333333,-0.6,1.0,0,1,0,0,1,0,0,0
000597255_01,0,0,0.51,0.0,0.92,0.6666666666666666,-0.6,1.0,0,0,0,1,1,0,0,0
000316092_01,0,0,-0.79,0.17,0.42,0.3333333333333333,5.06,0.8,0,1,0,0,0,0,0,1
000907210_02,1,0,-0.41,0.33,0.47,0.5416666666666666,0.11,0.2,0,1,0,0,1,0,0,0
001037574_01,1,1,0.47,0.67,0.09,0.4375,-0.08,0.4,0,0,1,0,0,0,0,1
000599663_04,1,0,-0.79,0.33,0.1,0.7083333333333333,0.49,0.8,0,0,1,0,0,0,0,1
000509107_02,0,1,1.3,0.17,0.13,0.7708333333333333,-0.6,0.8,0,1,0,0,0,0,0,1
000570228_01,0,1,1.91,0.33,0.24,0.25,0.68,0.4,0,0,1,0,0,1,0,0
000320021_01,1,1,-0.16,0.33,0.17,0.20833333333333331,-0.6,1.0,0,1,0,0,0,1,0,0
000549974_02,0,0,-0.79,0.0,0.12,0.41666666666666663,-0.6,1.0,0,1,0,0,0,0,0,1
000415798_01,0,1,1.25,0.17,0.26,0.5,-0.6,0.6,1,0,0,0,0,1,0,0
000702476_01,0,0,-0.79,0.33,0.42,0.8958333333333333,-0.6,0.0,0,0,0,1,0,0,0,1
000782205_01,0,1,-0.17,0.33,0.12,0.3125,-0.6,0.8,0,0,1,0,0,0,0,1
000851706_02,0,0,-0.79,0.17,0.15,0.6666666666666666,-0.6,0.8,0,1,0,0,0,0,0,1
001456315_02,0,0,-0.75,0.33,0.64,0.8541666666666666,-0.27,0.0,0,1,0,0,0,1,0,0
001245592_03,0,1,0.65,0.83,0.09,0.875,-0.08,0.4,0,0,1,0,0,1,0,0
000320584_02,0,1,0.12,0.33,0.26,0.08333333333333333,-0.27,0.6,0,0,1,0,0,0,0,1
000297763_02,0,1,-0.53,0.0,0.36,0.7708333333333333,0.3,0.2,0,0,1,0,0,1,0,0
001108778_03,0,1,1.25,0.0,0.47,0.4375,3.16,0.4,1,0,0,0,0,0,0,1
001059294_01,0,1,0.22,0.5,0.4,0.35416666666666663,1.25,0.2,1,0,0,0,0,0,1,0
000654907_01,1,1,0.22,0.33,0.18,0.6041666666666666,-0.6,0.6,0,1,0,0,0,1,0,0
000741149_01,1,1,-0.53,0.33,0.09,0.9166666666666666,-0.6,0.8,0,0,1,0,0,0,0,1
001236829_01,1,1,0.7,0.33,0.53,0.4375,0.11,0.6,0,0,1,0,0,1,0,0
001093164_01,1,1,1.35,0.17,0.18,0.8958333333333333,0.87,0.2,0,0,1,0,1,0,0,0
000843749_01,0,0,-0.69,0.33,0.5,0.0,-0.6,0.0,0,1,0,0,0,0,0,1
000076491_01,0,0,-0.03,0.17,0.51,0.35416666666666663,-0.6,0.4,0,0,0,1,1,0,0,0
000105100_02,0,0,-0.41,0.33,0.1,0.7708333333333333,0.68,0.4,0,0,1,0,1,0,0,0
000219438_01,1,1,1.82,0.5,0.36,0.9791666666666666,-0.27,0.8,0,1,0,0,0,0,0,1
000791714_02,0,0,-0.42,0.17,0.86,0.08333333333333333,0.49,0.8,0,1,0,0,1,0,0,0
001402097_01,1,0,-0.06,0.33,0.55,0.0,-0.6,0.4,0,1,0,0,1,0,0,0
000457284_02,0,0,-0.79,0.33,0.38,0.0625,2.97,1.0,0,1,0,0,1,0,0,0
001343695_02,0,1,0.22,0.33,0.5,0.7708333333333333,3.16,1.0,0,1,0,0,0,1,0,0
001007889_01,1,1,1.63,0.33,0.42,0.0,-0.6,0.2,0,1,0,0,0,1,0,0
001008707_02,0,1,0.47,0.33,0.08,0.08333333333333333,-0.61,0.0,0,1,0,0,0,0,0,1
000546993_01,0,1,-0.46,0.17,0.23,0.041666666666666664,-0.08,1.0,0,1,0,0,0,1,0,0
000402691_01,1,1,2.49,0.5,0.37,0.14583333333333331,0.3,0.8,0,1,0,0,0,1,0,0
000450004_02,1,1,0.47,0.0,0.12,0.08333333333333333,-0.6,0.8,0,1,0,0,0,0,0,1
001372052_01,1,1,3.24,0.33,0.24,0.6458333333333333,0.11,0.4,0,1,0,0,0,1,0,0
000850748_01,0,0,-0.08,0.17,0.45,0.6666666666666666,2.78,0.0,1,0,0,0,0,1,0,0
001378027_01,1,1,0.98,0.33,0.5,0.08333333333333333,0.49,0.0,0,1,0,0,1,0,0,0
000470164_04,0,1,-0.42,0.33,0.29,0.08333333333333333,-0.61,0.8,0,1,0,0,1,0,0,0
001244185_02,0,1,0.37,0.33,0.27,0.29166666666666663,-0.6,0.2,0,1,0,0,0,1,0,0
000898056_01,0,0,-0.38,0.0,0.87,0.22916666666666666,-0.6,0.2,0,0,0,1,1,0,0,0
000781476_01,1,1,-0.68,0.33,0.42,0.5,-0.6,0.4,0,0,1,0,0,0,0,1
001117854_05,1,1,1.98,0.5,0.53,0.6458333333333333,1.25,0.0,0,1,0,0,0,1,0,0
001453951_01,1,0,-0.6,0.0,0.59,0.08333333333333333,-0.61,0.6,0,1,0,0,0,1,0,0
001298239_01,0,1,1.71,0.17,0.59,0.041666666666666664,-0.6,0.0,1,0,0,0,1,0,0,0
000900571_01,1,1,-0.28,0.17,0.12,0.25,0.3,0.2,0,0,1,0,0,0,0,1
001045392_01,0,1,-0.39,0.17,0.47,0.10416666666666666,-0.27,0.2,0,0,1,0,0,0,0,1
000898972_02,1,1,9.19,0.67,0.47,0.7083333333333333,-0.08,0.0,0,1,0,0,0,1,0,0
001167095_01,1,0,0.97,0.33,0.76,0.875,-0.08,0.4,0,1,0,0,1,0,0,0
000133119_01,0,0,-0.26,0.17,0.77,0.125,1.25,0.6,0,1,0,0,0,1,0,0
001466687_01,0,0,-0.59,0.33,0.69,0.1875,-0.6,0.2,0,0,0,1,0,1,0,0
000262103_02,0,0,-0.79,0.33,0.35,0.9166666666666666,-0.6,0.0,0,1,0,0,0,1,0,0
000525632_02,0,0,-0.73,0.0,0.41,0.3125,6.78,0.8,0,1,0,0,0,0,0,1
000296137_02,1,1,-0.48,0.33,0.23,0.6666666666666666,-0.6,0.2,0,1,0,0,0,1,0,0
000165415_01,0,1,1.48,0.17,0.28,0.08333333333333333,-0.61,0.0,1,0,0,0,0,0,0,1
000160026_02,0,0,0.67,0.33,0.63,0.4583333333333333,1.63,0.2,0,1,0,0,1,0,0,0
000217067_02,0,1,2.24,0.67,0.36,0.7083333333333333,-0.61,0.2,0,1,0,0,0,1,0,0
001428140_01,0,1,0.73,0.17,0.49,0.7083333333333333,0.11,0.4,1,0,0,0,0,0,0,1
001122744_01,1,1,-0.63,0.5,0.29,0.35416666666666663,-0.6,0.8,0,0,1,0,0,0,0,1
001104181_01,1,0,-0.76,0.0,0.54,0.6458333333333333,-0.27,0.6,1,0,0,0,0,0,0,1
000877399_04,0,1,-0.38,0.67,0.01,0.35416666666666663,-0.6,0.4,0,0,1,0,1,0,0,0
000082481_02,1,0,-0.77,0.67,0.35,0.4375,1.06,0.2,0,1,0,0,0,1,0,0
000189029_02,1,1,-0.23,0.33,0.42,0.25,1.06,0.4,0,1,0,0,0,1,0,0
000758633_02,1,1,0.3,0.5,0.22,0.9166666666666666,0.68,0.0,0,1,0,0,0,1,0,0
000039712_02,1,1,9.44,0.5,0.44,0.75,2.2,1.0,0,1,0,0,0,1,0,0
000125430_01,1,1,0.62,0.33,0.19,0.6458333333333333,0.3,0.2,0,1,0,0,0,1,0,0
001319395_02,1,0,0.12,0.33,0.79,0.375,-0.6,0.0,0,1,0,0,1,0,0,0
000143921_03,1,1,0.21,0.67,0.65,0.6458333333333333,1.82,0.0,0,1,0,0,1,0,0,0
001405997_01,0,1,-0.35,0.17,0.32,0.9583333333333333,-0.6,0.2,0,0,1,0,0,0,0,1
001107531_01,0,1,1.03,0.0,0.18,0.25,-0.08,1.0,0,0,1,0,0,1,0,0
000524323_06,0,0,-0.73,0.5,0.76,0.1875,-0.6,0.0,0,1,0,0,0,1,0,0
000571530_01,1,1,0.2,0.17,0.09,0.4375,-0.6,0.8,0,0,1,0,0,0,0,1
000223397_01,1,1,2.64,0.17,0.59,0.3958333333333333,-0.6,0.2,1,0,0,0,0,1,0,0
000726921_02,1,1,1.23,0.33,0.1,0.75,-0.6,0.4,0,1,0,0,0,0,0,1
000637467_01,1,1,-0.03,0.17,0.49,0.8958333333333333,4.3,0.6,1,0,0,0,0,0,0,1
001113019_08,0,0,-0.79,0.67,0.53,0.14583333333333331,1.25,1.0,0,1,0,0,0,1,0,0
001135732_01,0,0,-0.56,0.17,0.64,0.1875,-0.6,0.2,1,0,0,0,1,0,0,0
000648105_03,1,1,0.1,0.67,0.13,0.4583333333333333,-0.6,1.0,0,0,1,0,0,1,0,0
000697261_02,1,0,-0.16,0.5,0.53,0.6458333333333333,1.25,0.6,0,1,0,0,0,1,0,0
000380483_01,0,0,1.14,0.17,0.86,0.3958333333333333,-0.6,0.4,0,0,0,1,0,0,0,1
000080947_04,0,0,-0.77,0.17,0.0,0.875,-0.6,0.2,0,0,1,0,0,0,0,1
000252433_01,1,1,0.57,0.5,0.47,0.6666666666666666,-0.6,0.0,1,0,0,0,0,1,0,0
001151755_01,0,1,0.01,0.33,0.17,0.08333333333333333,-0.61,1.0,0,1,0,0,0,0,0,1
000547649_01,1,1,6.01,0.0,0.06,0.6458333333333333,-0.63,0.0,0,0,1,0,0,0,0,1
001156654_01,1,1,0.67,0.17,0.1,0.8125,-0.46,0.4,0,0,1,0,0,1,0,0
000260593_01,0,0,-0.57,0.17,0.23,0.9583333333333333,-0.6,0.4,0,0,1,0,0,0,0,1
000417480_01,0,1,0.89,0.33,0.55,0.6666666666666666,-0.6,1.0,0,0,0,1,1,0,0,0
000543341_01,1,1,-0.18,0.0,0.46,0.25,-0.6,0.0,0,1,0,0,0,0,1,0
001364571_02,0,0,-0.26,0.33,0.67,0.875,0.11,1.0,0,1,0,0,1,0,0,0
001275230_01,0,0,-0.34,0.33,0.73,0.6458333333333333,-0.6,0.0,0,1,0,0,1,0,0,0
001240041_03,0,1,0.35,0.67,0.27,0.3333333333333333,0.49,0.8,0,0,1,0,1,0,0,0
000471827_01,0,0,-0.19,0.17,0.74,0.20833333333333331,0.68,1.0,1,0,0,0,1,0,0,0
000276497_02,0,0,-0.58,0.17,0.55,0.3958333333333333,1.25,0.6,0,1,0,0,1,0,0,0
000172067_01,1,0,-0.17,0.17,0.49,0.35416666666666663,-0.08,0.6,0,1,0,0,0,1,0,0
000038053_01,0,1,3.5,0.5,0.15,0.08333333333333333,-0.61,0.4,0,1,0,0,0,1,0,0
000407663_01,1,1,1.23,0.17,0.35,0.25,0.11,0.6,1,0,0,0,0,1,0,0
001146276_01,1,1,0.93,0.33,0.42,0.08333333333333333,-0.6,1.0,0,1,0,0,0,0,0,1
000281212_01,0,1,0.27,0.17,0.29,0.25,-0.6,0.0,1,0,0,0,0,0,0,1
001267979_01,1,0,-0.26,0.0,0.82,0.08333333333333333,-0.61,0.0,0,1,0,0,0,0,0,1
001076378_03,0,1,-0.16,0.5,0.12,0.4375,1.25,0.2,0,0,1,0,0,0,0,1
000090675_02,0,1,-0.5,0.33,0.22,0.0625,-0.08,0.8,0,1,0,0,1,0,0,0
000836668_02,0,0,-0.13,0.33,0.65,0.2708333333333333,0.87,0.8,0,1,0,0,1,0,0,0
000723874_02,1,1,0.05,0.5,0.28,0.1875,-0.6,0.8,0,1,0,0,1,0,0,0
000419716_03,0,1,-0.21,0.5,0.08,0.08333333333333333,-0.63,0.8,0,0,1,0,0,0,1,0
000631463_01,1,1,2.24,0.5,0.38,0.08333333333333333,-0.61,0.6,0,1,0,0,0,1,0,0
001076435_02,1,1,0.6,0.33,0.44,0.375,-0.6,0.8,1,0,0,0,0,1,0,0
000955645_02,0,1,1.13,0.67,0.33,0.6041666666666666,-0.61,0.4,1,0,0,0,0,1,0,0
000523201_01,1,0,-0.57,0.0,0.05,0.0,-0.6,1.0,0,0,1,0,0,0,0,1
000506431_01,0,1,-0.2,0.17,0.13,0.6458333333333333,1.06,1.0,0,1,0,0,0,1,0,0
001103375_01,1,0,-0.46,0.67,0.54,0.20833333333333331,-0.6,1.0,0,1,0,0,1,0,0,0
000704055_03,1,0,-0.6,0.5,0.94,0.5,-0.61,0.8,0,0,0,1,0,1,0,0
000910196_01,0,0,-0.06,0.17,0.73,0.7291666666666666,3.16,0.0,0,0,0,1,1,0,0,0
000875258_01,0,0,0.24,0.17,0.74,0.08333333333333333,-0.27,0.2,1,0,0,0,0,0,0,1
001172662_01,0,0,0.73,0.33,0.56,0.3333333333333333,-0.6,0.8,0,0,1,0,0,1,0,0
000434258_07,1,1,-0.61,0.5,0.0,0.6041666666666666,0.3,0.2,0,0,1,0,0,1,0,0
000831237_02,0,0,0.11,0.33,0.54,0.3333333333333333,0.49,0.6,0,1,0,0,0,1,0,0
000508532_03,1,1,1.61,0.17,0.35,0.3958333333333333,-0.6,0.6,0,0,1,0,1,0,0,0
000789106_02,0,1,-0.41,0.33,0.28,0.7291666666666666,0.3,0.8,0,1,0,0,0,1,0,0
000514052_01,1,1,0.67,0.33,0.49,0.25,-0.61,0.4,0,1,0,0,1,0,0,0
000919001_01,0,1,0.47,0.5,0.36,0.6458333333333333,-0.6,0.8,0,1,0,0,0,1,0,0
001319948_01,1,0,-0.58,0.33,0.5,0.4583333333333333,-0.61,0.6,0,1,0,0,0,1,0,0
000118362_01,1,1,1.33,0.33,0.44,0.7708333333333333,-0.61,0.2,0,1,0,0,0,1,0,0
001041401_02,0,0,-0.29,0.5,0.71,0.875,-0.6,0.6,0,0,0,1,1,0,0,0
000202051_01,1,1,-0.36,0.33,0.32,0.6458333333333333,-0.6,0.2,0,1,0,0,0,0,0,1
001157078_01,1,1,0.02,0.17,0.03,0.9791666666666666,-0.63,0.4,0,0,1,0,0,0,0,1
000811437_02,0,0,-0.24,0.33,0.68,0.25,0.87,0.8,0,1,0,0,0,1,0,0
000951668_03,0,0,-0.79,0.67,0.1,0.875,-0.08,0.2,0,1,0,0,0,1,0,0
000683152_01,1,1,0.47,0.17,0.0,0.875,-0.6,0.2,0,0,1,0,0,0,0,1
000592663_02,0,1,0.52,0.5,0.41,0.6041666666666666,-0.6,1.0,0,1,0,0,1,0,0,0
001039367_01,1,0,-0.53,0.5,0.01,0.8958333333333333,-0.6,1.0,0,0,1,0,0,0,0,1
000327006_02,1,1,-0.16,0.33,0.12,0.7083333333333333,-0.61,1.0,0,1,0,0,0,1,0,0
001326865_02,0,1,-0.3,0.5,0.58,0.7083333333333333,0.11,0.6,0,1,0,0,1,0,0,0
000714400_02,1,0,0.03,0.33,0.73,0.9791666666666666,0.3,0.2,0,1,0,0,0,0,1,0
001411481_02,0,0,-0.28,0.67,0.46,0.47916666666666663,-0.27,0.4,0,1,0,0,0,1,0,0
000993043_01,1,0,-0.79,0.33,0.32,0.6458333333333333,-0.6,0.8,0,0,1,0,0,0,0,1
001089706_01,1,1,0.21,0.17,0.53,0.875,0.11,0.2,0,1,0,0,1,0,0,0
001473658_01,1,1,1.21,0.5,0.45,0.7291666666666666,0.3,0.6,0,1,0,0,0,1,0,0
000176095_01,0,1,-0.03,0.33,0.14,0.8125,0.11,0.2,0,1,0,0,0,1,0,0
000304146_01,0,0,-0.04,0.17,0.73,0.6041666666666666,-0.6,0.4,0,0,0,1,1,0,0,0
000148949_02,0,0,-0.79,0.17,0.74,0.3333333333333333,-0.27,0.6,0,1,0,0,1,0,0,0
000147075_01,0,1,0.06,0.17,0.06,0.3333333333333333,-0.6,1.0,0,0,1,0,0,0,0,1
001115930_02,0,1,-0.53,0.17,0.17,0.47916666666666663,0.68,0.0,0,1,0,0,0,1,0,0
001107359_17,0,1,-0.38,0.5,0.44,0.6458333333333333,2.01,1.0,0,0,1,0,0,1,0,0
001184243_05,1,1,-0.03,0.5,0.14,0.7083333333333333,1.82,0.4,0,1,0,0,1,0,0,0
001244521_01,0,0,-0.74,0.33,0.01,0.9375,-0.6,0.8,0,0,1,0,0,0,0,1
000388533_02,1,1,0.12,0.33,0.01,0.8125,-0.46,0.4,0,0,1,0,0,0,0,1
000546341_01,1,1,0.27,0.17,0.47,0.6041666666666666,1.63,0.6,0,0,1,0,0,1,0,0
000479675_02,0,0,-0.46,0.33,0.14,0.7291666666666666,-0.08,0.0,1,0,0,0,1,0,0,0
001209979_02,1,0,-0.79,0.67,0.38,0.08333333333333333,1.25,0.4,0,1,0,0,0,1,0,0
000534817_01,0,1,-0.13,0.17,0.47,0.9791666666666666,0.11,0.2,1,0,0,0,0,0,0,1
000345530_01,0,1,0.8,0.33,0.06,0.7083333333333333,-0.6,0.8,0,1,0,0,0,1,0,0
000719328_02,0,0,-0.55,0.33,0.77,0.4375,-0.61,0.2,0,1,0,0,1,0,0,0
000862052_02,1,1,0.32,0.17,0.32,0.4583333333333333,0.49,0.0,0,1,0,0,1,0,0,0
001418228_02,0,1,-0.22,0.33,0.17,0.6875,-0.63,0.0,0,0,1,0,0,1,0,0
000462091_02,1,1,0.5,0.33,0.08,0.6458333333333333,3.16,0.2,0,0,1,0,0,1,0,0
000180580_01,1,1,-0.03,0.17,0.46,0.4375,-0.63,1.0,1,0,0,0,0,0,0,1
000985731_01,1,1,0.72,0.33,0.32,0.10416666666666666,1.63,0.0,0,0,1,0,0,1,0,0
001018428_02,1,0,-0.78,0.5,0.09,0.6666666666666666,-0.6,0.0,0,0,1,0,1,0,0,0
000649343_01,0,0,-0.24,0.0,0.65,0.6458333333333333,-0.27,0.4,0,0,0,1,0,0,0,1
000527689_01,1,1,0.0,0.33,0.41,0.9375,-0.61,0.0,0,0,1,0,0,1,0,0
000921741_02,0,1,-0.03,0.67,0.23,0.7083333333333333,2.59,0.8,0,1,0,0,0,1,0,0
001107561_01,0,0,-0.64,0.17,0.49,0.1875,-0.6,0.2,0,0,0,1,0,0,0,1
001511812_02,0,1,0.35,0.33,0.24,0.7083333333333333,-0.27,1.0,0,0,1,0,0,1,0,0
000897296_02,0,0,-0.14,0.5,0.49,0.8958333333333333,-0.6,0.6,0,1,0,0,1,0,0,0
001305246_02,1,1,-0.3,0.67,0.45,0.3125,0.68,0.4,0,1,0,0,0,1,0,0
000872765_01,1,1,0.4,0.17,0.22,0.041666666666666664,-0.61,0.8,0,0,1,0,0,1,0,0
000996238_01,1,1,1.1,0.33,0.56,0.9583333333333333,-0.6,0.0,0,1,0,0,0,0,0,1
000002223_01,1,0,0.98,0.33,0.54,0.6458333333333333,-0.61,0.8,0,1,0,0,0,1,0,0
000785295_02,0,1,-0.03,0.33,0.38,0.08333333333333333,-0.61,0.4,0,1,0,0,0,1,0,0
000512804_05,0,1,0.18,0.33,0.19,0.6458333333333333,1.06,0.6,0,1,0,0,0,0,0,1
000716072_01,1,1,2.49,0.17,0.19,0.08333333333333333,-0.63,0.0,0,0,1,0,0,0,0,1
000030096_01,0,1,-0.23,0.33,0.28,0.875,-0.6,1.0,0,1,0,0,0,1,0,0
001030607_02,1,0,-0.5,0.0,0.49,0.9375,-0.6,1.0,0,1,0,0,0,0,0,1
001191591_05,1,0,-0.07,0.5,0.6,0.6041666666666666,0.11,0.2,0,1,0,0,0,1,0,0
000517045_01,0,0,-0.56,0.33,0.0,0.6458333333333333,-0.6,0.8,0,0,1,0,0,0,0,1
001396240_02,0,0,-0.03,0.0,0.18,0.08333333333333333,-0.6,1.0,0,1,0,0,0,0,0,1
000426054_02,1,1,0.07,0.33,0.12,0.9166666666666666,-0.6,0.4,0,1,0,0,1,0,0,0
001204940_02,0,0,-0.63,0.17,0.6,0.6458333333333333,0.11,0.2,0,1,0,0,0,0,0,1
000384462_02,1,1,-0.32,0.33,0.35,0.47916666666666663,-0.6,0.2,0,1,0,0,1,0,0,0
000659604_02,0,1,-0.08,0.5,0.56,0.41666666666666663,-0.6,0.8,0,1,0,0,1,0,0,0
001279311_01,0,1,0.9,0.83,0.46,0.9375,-0.6,1.0,0,1,0,0,1,0,0,0
001132981_02,0,1,-0.66,0.33,0.05,0.29166666666666663,0.49,1.0,0,1,0,0,0,1,0,0
001007879_02,1,1,1.1,0.5,0.33,0.25,0.11,0.2,0,1,0,0,1,0,0,0
001218866_01,0,0,-0.02,0.0,0.85,0.20833333333333331,-0.6,1.0,0,0,0,1,0,0,0,1
001499459_02,0,0,-0.52,0.5,0.63,0.5625,1.25,1.0,0,1,0,0,1,0,0,0
000178293_01,0,0,0.09,0.33,0.63,0.9166666666666666,-0.6,1.0,1,0,0,0,0,1,0,0
000201266_01,0,1,1.73,0.33,0.37,0.4375,-0.6,0.6,0,1,0,0,0,1,0,0
000751979_03,1,1,0.6,0.5,0.14,0.20833333333333331,-0.27,0.8,0,0,1,0,1,0,0,0
000700722_02,0,1,1.48,0.17,0.19,0.08333333333333333,3.16,0.2,0,1,0,0,0,0,1,0
000798395_01,0,1,0.73,0.0,0.12,0.9375,-0.6,0.2,0,0,1,0,0,0,0,1
000545937_01,1,1,1.35,0.33,0.27,0.29166666666666663,-0.61,0.6,0,1,0,0,0,1,0,0
000231606_01,1,1,1.68,0.33,0.47,0.3958333333333333,-0.6,0.6,1,0,0,0,0,0,0,1
000893430_02,0,0,-0.79,0.33,0.31,0.25,4.87,0.0,0,1,0,0,0,1,0,0
000577078_04,1,1,-0.62,0.17,0.13,0.08333333333333333,2.2,0.6,0,0,1,0,1,0,0,0
000743049_02,1,0,-0.57,0.17,0.28,0.08333333333333333,0.3,0.8,0,0,1,0,0,0,0,1
000249489_02,1,1,0.35,0.33,0.4,0.9166666666666666,-0.6,0.2,0,1,0,0,0,1,0,0
000253403_01,1,1,2.64,0.33,0.36,0.875,-0.6,0.0,0,1,0,0,1,0,0,0
000353291_03,0,1,-0.18,0.67,0.09,0.6041666666666666,0.11,1.0,0,0,1,0,0,1,0,0
000036345_05,0,1,-0.41,0.67,0.58,0.14583333333333331,-0.61,0.4,0,1,0,0,0,0,0,1
000456288_02,1,0,-0.52,0.33,0.05,0.6458333333333333,0.87,0.2,0,0,1,0,0,0,1,0
001092049_02,1,1,0.73,0.67,0.4,0.5625,-0.08,0.8,0,1,0,0,0,1,0,0
000439672_02,1,1,0.22,0.33,0.13,0.875,-0.08,1.0,0,0,1,0,0,0,0,1
000676020_03,1,1,1.48,0.33,0.31,0.6458333333333333,2.78,0.2,0,1,0,0,1,0,0,0
001233184_03,0,1,-0.63,0.5,0.45,0.08333333333333333,-0.61,0.2,0,0,0,1,0,1,0,0
000058268_02,1,1,0.22,0.33,0.13,0.041666666666666664,-0.6,0.0,0,1,0,0,0,1,0,0
000725266_01,0,0,-0.74,0.33,0.19,0.020833333333333332,0.87,1.0,0,1,0,0,0,0,0,1
000906195_02,0,0,-0.43,0.33,0.59,0.7708333333333333,-0.6,0.0,0,1,0,0,0,1,0,0
000207014_01,1,1,1.93,0.33,0.51,0.08333333333333333,-0.08,1.0,0,1,0,0,0,1,0,0
000685757_01,1,0,0.14,0.33,0.69,0.75,-0.27,1.0,0,0,1,0,0,1,0,0
000906725_02,0,1,-0.32,0.33,0.6,0.3125,0.68,0.4,0,1,0,0,0,1,0,0
001019654_01,1,1,0.17,0.17,0.41,0.1875,-0.6,0.0,0,1,0,0,0,0,0,1
000645345_01,1,1,-0.02,0.33,0.18,0.75,-0.6,0.8,1,0,0,0,0,0,0,1
000192839_01,0,0,-0.79,0.17,0.46,0.8541666666666666,-0.6,0.6,0,1,0,0,1,0,0,0
000897423_02,1,1,2.02,0.33,0.58,0.9166666666666666,-0.6,0.6,0,1,0,0,0,1,0,0
000650647_01,1,1,1.48,0.33,0.22,0.041666666666666664,-0.6,0.6,0,1,0,0,0,0,0,1
000719811_01,0,1,0.73,0.17,0.12,0.20833333333333331,-0.6,0.6,0,0,1,0,0,0,0,1
001361540_02,1,0,0.12,0.33,0.55,0.2708333333333333,0.11,0.2,0,1,0,0,0,1,0,0
001212285_01,1,1,5.54,0.33,0.5,0.875,0.87,0.0,0,1,0,0,0,1,0,0
000949425_03,1,1,-0.63,0.67,0.0,0.3125,3.16,1.0,0,0,1,0,0,1,0,0
000966439_02,1,1,2.99,0.33,0.36,0.041666666666666664,0.11,0.8,0,1,0,0,0,1,0,0
000187607_02,0,0,-0.18,0.33,0.68,0.10416666666666666,-0.61,0.4,0,1,0,0,0,1,0,0
000256724_01,1,1,0.17,0.0,0.59,0.6458333333333333,-0.61,0.8,1,0,0,0,0,0,0,1
000362314_01,0,1,-0.38,0.33,0.21,0.22916666666666666,0.3,1.0,0,1,0,0,0,0,0,1
000980330_01,0,0,-0.79,0.33,0.49,0.2708333333333333,0.87,0.2,1,0,0,0,0,1,0,0
000426997_01,1,1,2.49,0.33,0.46,0.7083333333333333,-0.6,0.8,0,1,0,0,0,1,0,0
000414977_01,1,1,1.23,0.17,0.24,0.35416666666666663,-0.61,0.6,1,0,0,0,0,1,0,0
000042428_02,0,1,-0.48,0.33,0.26,0.4375,0.3,0.8,0,1,0,0,0,0,0,1
001152741_02,1,0,0.07,0.5,0.85,0.0625,0.3,0.6,0,1,0,0,0,1,0,0
001268811_01,0,1,0.68,0.17,0.21,0.5416666666666666,1.06,0.4,1,0,0,0,0,1,0,0
000885684_03,0,1,-0.27,0.17,0.08,0.75,-0.6,0.4,0,0,1,0,0,0,0,1
001372724_01,0,0,-0.31,0.33,0.85,0.8541666666666666,-0.6,0.4,0,0,0,1,0,0,0,1
000599486_01,0,1,-0.28,0.83,0.13,0.875,-0.6,0.8,0,1,0,0,0,0,0,1
000833626_01,0,1,-0.16,0.17,0.38,0.5,-0.27,0.6,1,0,0,0,0,0,0,1
001330578_02,0,1,-0.48,0.5,0.49,0.08333333333333333,0.3,0.8,0,1,0,0,0,1,0,0
000935214_02,0,1,0.12,0.67,0.5,0.41666666666666663,-0.6,0.6,0,1,0,0,0,1,0,0
001400345_01,0,1,0.62,0.33,0.36,0.6666666666666666,-0.58,0.8,0,1,0,0,1,0,0,0
000200575_01,1,0,-0.13,0.33,0.63,0.7083333333333333,-0.6,0.0,0,1,0,0,0,1,0,0
000508371_05,1,1,0.35,0.0,0.35,0.7708333333333333,-0.63,0.8,0,1,0,0,0,1,0,0
000036749_02,1,1,0.8,0.33,0.18,0.875,0.11,0.6,0,1,0,0,0,1,0,0
001017882_02,1,0,-0.13,0.17,0.56,0.3125,1.63,1.0,0,1,0,0,0,1,0,0
000572643_02,1,1,0.93,0.33,0.41,0.08333333333333333,0.3,0.8,0,1,0,0,0,1,0,0
001421332_01,0,0,-0.53,0.33,0.62,0.875,-0.6,0.4,0,0,0,1,1,0,0,0
001225784_01,0,1,-0.05,0.33,0.27,0.7708333333333333,-0.46,0.8,1,0,0,0,1,0,0,0
000958426_04,1,1,-0.74,0.33,0.14,0.08333333333333333,1.06,0.8,0,0,1,0,0,1,0,0
001157097_02,1,1,0.02,0.17,0.22,0.1875,-0.6,0.6,0,1,0,0,0,1,0,0
001262746_01,0,1,0.3,0.33,0.12,0.6666666666666666,-0.6,0.8,0,1,0,0,0,0,0,1
000266106_01,0,0,-0.79,0.5,0.35,0.1875,0.11,0.2,0,1,0,0,0,1,0,0
001112278_01,1,1,0.27,0.67,0.56,0.6666666666666666,3.92,0.6,0,1,0,0,1,0,0,0
000171743_01,1,1,0.47,0.33,0.17,0.9791666666666666,-0.6,0.6,0,1,0,0,0,0,0,1
001417294_02,1,1,0.98,0.33,0.32,0.41666666666666663,0.68,0.0,0,1,0,0,0,1,0,0
000851522_06,0,0,-0.79,0.67,0.36,0.2708333333333333,0.11,1.0,1,0,0,0,0,1,0,0
000377773_04,1,1,-0.45,0.83,0.08,0.20833333333333331,-0.6,0.8,0,1,0,0,0,1,0,0
000136585_01,0,0,-0.63,0.33,0.67,0.2708333333333333,0.3,0.6,0,1,0,0,1,0,0,0
000762541_02,1,1,0.38,0.33,0.28,0.75,-0.6,0.8,0,1,0,0,0,0,0,1
001309126_01,0,0,-0.79,0.0,0.49,0.7916666666666666,-0.63,0.6,1,0,0,0,0,0,0,1
001259490_04,0,1,0.12,0.5,0.28,0.625,1.25,1.0,1,0,0,0,0,0,0,1
001442520_07,1,1,-0.34,0.5,0.29,0.08333333333333333,1.06,0.6,0,1,0,0,1,0,0,0
000190297_02,0,0,-0.39,0.5,0.73,0.875,-0.6,1.0,0,0,0,1,1,0,0,0
000859612_01,1,1,1.24,0.33,0.55,0.3333333333333333,1.25,0.4,0,1,0,0,1,0,0,0
001032537_02,1,0,-0.66,0.33,0.18,0.6666666666666666,-0.6,0.8,0,0,1,0,0,1,0,0
001387070_01,1,1,-0.45,0.0,0.13,0.6458333333333333,-0.6,0.4,0,0,1,0,0,0,0,1
001412042_01,0,1,2.49,0.33,0.31,0.875,-0.6,0.6,0,0,1,0,0,1,0,0
000113405_02,1,1,4.14,0.5,0.51,0.9791666666666666,-0.6,0.8,0,1,0,0,0,1,0,0
001157691_05,0,0,-0.48,0.17,0.56,0.8541666666666666,-0.46,1.0,1,0,0,0,0,0,1,0
000007324_02,0,0,-0.48,0.33,0.63,0.2708333333333333,0.3,1.0,0,1,0,0,0,1,0,0
000005333_01,1,1,0.57,0.33,0.14,0.6458333333333333,-0.6,0.8,0,0,1,0,0,0,0,1
000779405_01,0,1,1.98,0.33,0.36,0.041666666666666664,-0.6,0.8,0,1,0,0,0,1,0,0
001387490_02,0,1,-0.18,0.33,0.44,0.08333333333333333,-0.6,1.0,0,0,1,0,0,0,0,1
001154114_03,1,1,-0.63,0.33,0.0,0.875,-0.61,0.4,0,0,1,0,0,1,0,0
001147457_02,0,1,0.58,0.5,0.31,0.7708333333333333,-0.46,0.8,0,1,0,0,0,1,0,0
000590516_02,0,1,0.8,0.33,0.4,0.25,0.49,0.0,1,0,0,0,0,1,0,0
000128849_01,0,0,-0.11,0.33,0.72,0.3333333333333333,1.82,0.6,0,0,0,1,0,0,0,1
000902929_01,1,1,0.22,0.33,0.17,0.0625,-0.6,0.6,0,1,0,0,0,0,0,1
001121669_01,1,0,-0.33,0.33,0.69,0.6458333333333333,-0.6,0.4,0,0,1,0,0,0,0,1
000886662_01,1,1,0.73,0.5,0.32,0.47916666666666663,-0.27,0.0,0,1,0,0,0,0,1,0
000920276_01,1,1,3.66,0.17,0.4,0.08333333333333333,-0.08,1.0,0,0,1,0,1,0,0,0
000813061_02,1,1,4.25,0.0,0.28,0.08333333333333333,-0.08,0.0,0,1,0,0,0,0,0,1
000373942_01,0,1,3.75,0.33,0.51,0.3958333333333333,-0.61,0.2,0,1,0,0,0,1,0,0
000833971_01,0,0,0.03,0.17,0.54,0.7708333333333333,0.49,0.6,1,0,0,0,0,1,0,0
001025048_02,1,1,0.47,0.33,0.09,0.47916666666666663,-0.63,0.0,0,1,0,0,0,0,0,1
001505466_06,1,1,-0.51,0.67,0.1,0.08333333333333333,0.3,0.2,0,1,0,0,1,0,0,0
000253620_03,0,1,-0.58,0.5,0.03,0.6458333333333333,3.16,0.8,0,0,1,0,1,0,0,0
000237763_02,0,1,0.12,0.33,0.53,0.7083333333333333,-0.6,1.0,0,1,0,0,0,1,0,0
001253012_02,1,1,0.22,0.33,0.23,0.4375,-0.61,0.2,0,1,0,0,0,1,0,0
001163136_02,0,1,-0.43,0.33,0.31,0.25,-0.61,0.6,0,1,0,0,0,1,0,0
000574737_01,1,1,0.1,0.5,0.32,0.9791666666666666,8.11,0.4,0,1,0,0,0,1,0,0
000205805_01,1,1,1.35,0.33,0.14,0.7708333333333333,-0.08,0.4,0,1,0,0,0,1,0,0
000042611_02,0,1,0.52,0.67,0.32,0.20833333333333331,-0.6,1.0,0,1,0,0,0,1,0,0
001497853_01,1,0,-0.19,0.33,0.63,0.08333333333333333,-0.46,1.0,0,1,0,0,0,1,0,0
000178045_01,1,0,-0.79,0.33,0.17,0.7708333333333333,-0.6,0.6,0,0,1,0,0,0,0,1
000642365_05,1,0,-0.54,0.67,0.81,0.1875,-0.6,0.0,0,0,0,1,0,1,0,0
000529343_11,1,1,-0.08,0.83,0.12,0.08333333333333333,0.68,0.0,0,1,0,0,1,0,0,0
001406561_01,0,1,-0.21,0.17,0.04,0.7083333333333333,-0.6,0.0,0,0,1,0,0,0,0,1
001050876_01,0,0,-0.74,0.0,0.03,0.08333333333333333,-0.61,0.6,0,0,1,0,0,0,0,1
000490702_02,1,1,0.98,0.33,0.27,0.2708333333333333,-0.6,1.0,0,1,0,0,0,1,0,0
000770598_01,0,1,-0.13,0.5,0.35,0.08333333333333333,-0.61,0.0,1,0,0,0,0,1,0,0
000977181_02,0,0,-0.49,0.17,0.72,0.4375,0.3,0.6,0,1,0,0,1,0,0,0
000610993_02,1,1,3.87,0.33,0.38,0.08333333333333333,-0.61,1.0,0,1,0,0,0,1,0,0
001322219_02,0,1,0.52,0.5,0.06,0.9791666666666666,0.3,0.6,0,0,1,0,0,1,0,0
000831813_01,1,0,-0.32,0.17,0.74,0.7083333333333333,-0.08,0.2,1,0,0,0,1,0,0,0
000129745_02,0,0,-0.78,0.33,0.27,0.875,-0.58,0.2,0,1,0,0,0,1,0,0
000285834_02,0,0,-0.73,0.33,0.54,0.875,2.2,0.4,0,1,0,0,0,1,0,0
000434819_02,1,0,-0.45,0.5,0.6,0.2708333333333333,-0.27,0.8,1,0,0,0,1,0,0,0
000829334_02,1,1,2.99,0.33,0.54,0.6041666666666666,0.3,0.2,0,1,0,0,1,0,0,0
000422936_05,0,0,-0.56,0.33,0.09,0.875,-0.6,1.0,0,0,1,0,0,1,0,0
001073831_01,1,1,0.1,0.33,0.18,0.2708333333333333,-0.27,0.6,0,0,1,0,0,1,0,0
000134987_01,0,1,1.91,0.5,0.23,0.08333333333333333,-0.46,0.8,0,1,0,0,0,1,0,0
000557241_02,1,1,0.1,0.33,0.51,0.875,0.49,0.0,0,1,0,0,1,0,0,0
000578223_01,1,1,-0.36,0.5,0.21,0.08333333333333333,0.3,0.2,0,0,1,0,0,1,0,0
000553667_01,1,0,0.48,0.33,0.65,0.125,0.87,1.0,0,1,0,0,0,0,0,1
000158556_03,1,1,-0.41,0.67,0.12,0.08333333333333333,0.3,0.0,0,0,1,0,0,1,0,0
000810764_05,0,0,-0.79,0.33,0.83,0.08333333333333333,-0.08,0.6,1,0,0,0,0,1,0,0
000875993_02,0,1,0.6,0.33,0.45,0.3125,-0.6,0.0,0,1,0,0,0,1,0,0
001039533_01,1,0,-0.73,0.0,0.94,0.08333333333333333,-0.6,1.0,1,0,0,0,0,0,0,1
001247020_02,0,1,-0.21,0.33,0.1,0.08333333333333333,-0.08,0.8,0,0,1,0,0,1,0,0
001073949_02,0,0,-0.56,0.17,0.74,0.1875,-0.6,0.0,1,0,0,0,0,0,0,1
001043135_02,0,0,-0.79,0.33,0.29,0.6458333333333333,0.49,0.2,0,1,0,0,1,0,0,0
001395893_02,0,1,-0.16,0.33,0.14,0.4583333333333333,-0.27,0.4,0,1,0,0,0,1,0,0
001304904_01,0,1,-0.2,0.0,0.05,0.25,2.01,0.6,0,0,1,0,0,0,0,1
000772195_02,1,1,-0.23,0.33,0.22,0.08333333333333333,-0.61,1.0,0,1,0,0,0,0,0,1
000261183_02,0,0,-0.79,0.33,0.4,0.2708333333333333,-0.08,0.2,0,1,0,0,0,1,0,0
001248658_01,0,1,0.05,0.17,0.54,0.5416666666666666,1.25,1.0,0,0,1,0,0,1,0,0
000440811_01,1,1,1.23,0.17,0.17,0.6041666666666666,-0.46,0.6,0,0,1,0,0,1,0,0
001382514_02,0,1,0.98,0.17,0.12,0.41666666666666663,1.25,0.8,0,1,0,0,0,0,0,1
000359946_01,0,0,-0.79,0.67,0.49,0.875,-0.08,1.0,0,1,0,0,0,1,0,0
000487832_02,1,1,-0.06,0.33,0.64,0.875,-0.6,0.4,0,1,0,0,0,1,0,0
000286187_02,0,0,-0.79,0.0,0.5,0.10416666666666666,3.92,0.2,0,0,1,0,0,0,0,1
000902470_01,0,1,0.73,0.5,0.26,0.08333333333333333,-0.61,0.6,0,1,0,0,0,0,0,1
000527357_01,0,1,0.12,0.33,0.18,0.0625,0.68,0.2,1,0,0,0,0,0,0,1
000741638_02,1,1,0.2,0.17,0.15,0.6458333333333333,-0.61,0.8,0,0,1,0,0,0,0,1
000152758_03,0,0,-0.79,0.17,0.06,0.25,-0.08,1.0,0,0,1,0,0,0,0,1
000008864_03,1,0,0.12,0.67,0.1,0.20833333333333331,2.01,1.0,0,0,1,0,0,1,0,0
000640910_02,1,1,-0.03,0.83,0.38,0.9791666666666666,0.11,0.8,0,1,0,0,0,1,0,0
000478453_03,0,0,-0.79,0.33,0.1,0.875,-0.61,0.8,1,0,0,0,0,0,0,1
001065251_04,1,1,-0.16,0.17,0.06,0.8333333333333333,-0.63,0.4,0,0,1,0,0,0,0,1
001305620_02,1,1,0.1,0.33,0.15,0.8958333333333333,-0.27,0.2,0,0,1,0,0,1,0,0
001490875_04,1,1,-0.13,0.17,0.15,0.8541666666666666,-0.6,0.4,0,0,1,0,0,0,0,1
000328118_02,0,1,-0.08,0.33,0.32,0.875,-0.6,1.0,0,0,0,1,0,0,0,1
001037110_01,0,1,-0.59,0.17,1.0,0.9166666666666666,-0.6,0.4,0,1,0,0,0,0,0,1
000223610_01,1,1,-0.03,0.5,0.32,0.1875,-0.6,1.0,1,0,0,0,0,1,0,0
000325622_03,1,1,0.1,0.17,0.26,0.625,-0.08,0.2,0,0,1,0,1,0,0,0
000326449_01,0,1,-0.51,0.17,0.13,0.75,-0.6,0.8,0,0,1,0,0,0,0,1
000869045_01,1,1,0.13,0.0,0.42,0.4583333333333333,2.97,0.8,1,0,0,0,1,0,0,0
000248131_02,1,0,-0.79,0.33,0.03,0.08333333333333333,-0.6,0.4,0,0,1,0,0,0,0,1
000611233_04,1,1,-0.41,0.17,0.09,0.6458333333333333,-0.27,0.8,0,0,1,0,0,0,0,1
000186704_04,1,0,-0.79,0.67,0.06,0.1875,-0.6,0.0,0,0,1,0,0,1,0,0
000991664_03,0,0,-0.79,0.33,0.22,0.1875,-0.6,0.4,1,0,0,0,0,1,0,0
000836509_01,1,0,-0.79,0.33,0.26,0.875,-0.6,0.2,1,0,0,0,0,0,0,1
000918731_02,1,0,-0.48,0.17,0.4,0.8541666666666666,-0.08,0.0,1,0,0,0,1,0,0,0
000831671_01,0,1,-0.61,0.33,0.29,0.1875,-0.6,0.4,0,0,1,0,0,0,1,0
000778995_02,1,1,-0.38,0.33,0.03,0.6666666666666666,-0.6,0.8,0,0,1,0,0,0,0,1
001272878_01,0,1,-0.33,0.0,0.22,0.25,3.16,0.2,0,0,1,0,0,0,0,1
000149226_03,0,1,-0.58,0.17,0.04,0.7083333333333333,0.87,0.2,0,0,1,0,0,0,1,0
001145927_02,1,0,-0.28,0.33,0.14,0.875,-0.6,0.4,0,1,0,0,0,0,0,1
000105404_03,1,0,-0.79,0.67,0.06,0.47916666666666663,-0.6,0.4,0,0,1,0,0,0,0,1
000620688_02,0,1,-0.47,0.17,0.18,0.7708333333333333,1.06,0.0,0,1,0,0,1,0,0,0
000518628_01,1,1,0.1,0.17,0.28,0.6458333333333333,-0.6,0.0,1,0,0,0,1,0,0,0
000603911_01,1,1,1.03,0.17,0.21,0.6458333333333333,-0.27,0.6,0,1,0,0,0,0,0,1
000982048_02,1,0,-0.79,0.33,0.24,0.041666666666666664,-0.6,0.2,0,0,1,0,0,0,0,1
000619079_02,0,0,-0.79,0.17,0.38,0.1875,-0.6,0.0,0,1,0,0,0,0,0,1
000980305_03,1,0,-0.69,0.5,0.04,0.08333333333333333,-0.46,0.4,0,0,1,0,0,1,0,0
000383978_01,1,1,1.23,0.17,0.18,0.3958333333333333,-0.08,0.2,0,1,0,0,0,0,0,1
000624649_01,0,1,-0.21,0.5,0.36,0.9375,0.3,0.2,0,1,0,0,0,1,0,0
000758336_07,1,1,-0.16,0.33,0.01,0.9166666666666666,3.73,0.8,0,0,1,0,0,1,0,0
000510200_01,1,1,0.02,0.5,0.37,0.8541666666666666,-0.61,0.6,0,1,0,0,0,1,0,0
000361456_01,0,0,-0.52,0.17,0.26,0.25,0.3,0.8,0,1,0,0,0,0,0,1
001129317_02,1,0,-0.79,0.67,0.95,0.1875,-0.6,0.4,0,1,0,0,0,1,0,0
000216126_01,1,1,0.65,0.33,0.47,0.041666666666666664,-0.27,1.0,0,1,0,0,0,1,0,0
000959229_03,0,0,-0.79,1.0,0.27,0.1875,-0.6,0.4,0,0,1,0,0,0,0,1
000569467_02,1,0,-0.79,0.0,0.05,0.4375,-0.6,0.4,0,0,1,0,0,0,0,1
001131661_05,0,0,-0.73,0.33,0.55,0.1875,-0.6,0.0,0,1,0,0,0,1,0,0
001046816_03,1,1,-0.03,0.5,0.13,0.875,-0.6,0.4,0,0,1,0,0,1,0,0
000002767_07,0,1,0.02,0.83,0.54,0.10416666666666666,0.68,0.6,1,0,0,0,0,1,0,0
000287944_02,1,1,0.22,0.33,0.38,0.7708333333333333,0.3,0.0,0,1,0,0,0,0,0,1
001444088_01,1,0,-0.48,0.33,0.05,0.041666666666666664,-0.6,0.4,0,0,1,0,0,0,0,1
000273078_02,0,0,-0.79,0.17,0.0,0.6041666666666666,0.11,0.6,0,1,0,0,0,0,0,1
001290197_01,0,1,-0.53,0.33,0.04,0.7708333333333333,0.68,0.4,0,0,1,0,0,0,0,1
000075904_01,0,0,-0.79,0.33,0.35,0.041666666666666664,-0.6,0.2,1,0,0,0,0,0,0,1
000990749_02,1,0,-0.68,0.17,0.59,0.041666666666666664,0.49,0.4,0,1,0,0,0,0,0,1
000474529_02,0,1,-0.35,0.33,0.0,0.08333333333333333,1.25,0.2,0,0,1,0,0,0,1,0
000296530_01,0,1,-0.61,0.33,0.26,0.9375,-0.6,0.0,0,0,1,0,0,0,0,1
000939299_01,0,1,0.22,0.17,0.23,0.1875,-0.6,0.4,1,0,0,0,0,0,0,1
000545994_01,1,0,-0.74,0.33,0.33,0.75,-0.6,0.2,0,0,0,1,0,0,0,1
000393353_02,0,0,-0.79,0.33,0.28,0.7708333333333333,2.59,0.6,0,1,0,0,0,1,0,0
000455357_02,1,1,-0.48,0.33,0.03,0.08333333333333333,-0.08,1.0,0,0,1,0,0,0,0,1
000923379_01,0,1,-0.18,0.0,0.09,0.6458333333333333,0.3,0.0,0,0,1,0,0,0,0,1
000297489_02,1,1,-0.58,0.17,0.06,0.1875,-0.6,1.0,0,0,1,0,0,0,0,1
001509129_01,1,0,-0.79,0.33,0.09,0.35416666666666663,-0.6,0.6,1,0,0,0,0,0,0,1
001337745_04,0,0,-0.77,0.0,0.22,0.875,-0.6,0.4,0,0,1,0,0,0,0,1
000706289_03,1,0,-0.48,0.0,0.41,0.08333333333333333,1.82,0.4,0,0,1,0,0,1,0,0
001347386_01,0,0,-0.79,0.0,0.15,0.875,-0.6,0.0,0,0,1,0,0,0,0,1
000536236_02,0,0,-0.72,0.5,0.53,0.6666666666666666,-0.6,0.2,0,1,0,0,1,0,0,0
000025147_02,0,0,-0.79,0.83,0.46,0.0,-0.61,0.2,1,0,0,0,0,1,0,0
001103371_01,1,0,-0.77,0.33,0.24,0.4583333333333333,-0.6,0.4,0,0,1,0,0,0,0,1
000341288_03,0,1,-0.66,0.83,0.08,0.7083333333333333,0.3,0.2,0,0,1,0,0,1,0,0
000503820_02,0,1,0.62,0.17,0.28,0.35416666666666663,-0.6,0.0,0,1,0,0,1,0,0,0
000825322_02,0,1,-0.65,0.0,0.04,0.6041666666666666,0.68,0.6,0,0,1,0,0,0,0,1
000167057_06,1,0,-0.79,0.33,0.6,0.3125,1.44,0.4,0,1,0,0,0,1,0,0
001372951_03,1,1,0.25,0.33,0.36,0.875,0.11,0.8,0,0,1,0,0,1,0,0
000108776_03,0,1,-0.53,0.33,0.1,0.6041666666666666,-0.61,0.4,0,0,1,0,0,0,0,1
001385779_03,0,1,-0.66,0.33,0.06,0.4375,0.49,0.0,1,0,0,0,0,0,0,1
001083074_01,1,1,-0.21,0.17,0.55,0.25,2.01,0.6,0,0,1,0,1,0,0,0
000293023_01,1,1,-0.03,0.33,0.32,0.1875,-0.6,1.0,0,0,1,0,0,0,0,1
001368362_02,1,1,0.35,0.33,0.42,0.875,0.11,0.0,0,1,0,0,1,0,0,0
001410656_02,1,1,-0.41,0.33,0.03,0.875,-0.6,0.0,0,0,1,0,0,0,0,1
000303682_01,1,1,0.47,0.0,0.12,0.7083333333333333,1.06,0.6,0,1,0,0,0,1,0,0
001252330_01,0,1,-0.55,0.17,0.14,0.875,-0.6,1.0,1,0,0,0,0,1,0,0
000144167_10,0,0,-0.79,0.67,0.03,0.6666666666666666,-0.6,0.8,0,1,0,0,0,1,0,0
001166065_07,0,1,-0.53,0.0,0.1,0.6458333333333333,-0.27,0.2,0,0,1,0,0,0,0,1
000023575_02,1,1,-0.16,0.17,0.05,0.041666666666666664,-0.27,0.2,0,0,1,0,0,1,0,0
000951249_01,0,1,0.12,0.67,0.24,0.1875,-0.6,0.0,0,0,1,0,0,1,0,0
000567039_02,1,0,-0.79,0.33,0.15,0.35416666666666663,-0.6,1.0,0,0,1,0,0,1,0,0
000499673_01,1,1,-0.53,0.5,0.05,0.875,1.06,0.8,0,1,0,0,0,1,0,0
001501247_01,0,0,0.47,0.33,0.5,0.041666666666666664,-0.08,0.0,0,1,0,0,0,1,0,0
001118831_02,1,1,-0.31,0.17,0.24,0.875,-0.61,0.8,0,1,0,0,0,0,0,1
000223498_02,1,1,-0.53,0.17,0.12,0.1875,-0.6,0.8,0,1,0,0,0,0,0,1
001410295_02,0,1,-0.73,0.5,0.31,0.875,1.25,0.8,0,1,0,0,1,0,0,0
000031832_07,0,0,-0.79,0.33,0.33,0.08333333333333333,1.63,0.2,0,0,1,0,0,0,0,1
000020565_01,1,0,-0.66,0.33,0.01,0.7708333333333333,-0.6,0.4,0,0,1,0,0,0,0,1
001434077_01,1,1,1.23,0.0,0.45,0.1875,-0.6,1.0,1,0,0,0,0,0,0,1
001236207_01,1,0,-0.79,0.33,0.09,0.875,-0.6,1.0,0,0,1,0,0,0,0,1
000941662_02,1,1,-0.78,0.33,0.05,0.1875,-0.6,0.6,0,0,1,0,0,0,0,1
001086114_05,0,1,-0.74,0.17,0.05,0.1875,-0.6,0.4,0,0,1,0,0,1,0,0
000704553_01,1,1,0.17,0.33,0.4,0.3958333333333333,-0.6,0.4,1,0,0,0,0,0,0,1
001219634_01,0,1,0.93,0.33,0.18,0.22916666666666666,0.3,0.0,0,1,0,0,0,1,0,0
000892062_01,1,0,-0.79,0.33,0.01,0.9791666666666666,-0.6,0.0,0,0,1,0,0,0,0,1
000956106_03,1,1,-0.67,0.17,0.06,0.7083333333333333,0.87,0.6,0,0,1,0,1,0,0,0
000085608_01,1,0,-0.79,0.33,0.09,0.08333333333333333,-0.6,1.0,0,0,1,0,0,0,0,1
000566838_03,1,1,-0.03,1.0,0.0,0.20833333333333331,0.11,0.2,0,0,1,0,1,0,0,0
000966469_01,0,1,-0.46,0.17,0.58,0.6458333333333333,2.78,0.0,0,0,1,0,0,1,0,0
000086145_01,0,1,-0.64,0.33,0.01,0.35416666666666663,-0.6,0.2,0,0,1,0,0,0,0,1
000291252_03,1,0,-0.79,0.33,0.05,0.875,-0.61,1.0,0,0,1,0,1,0,0,0
000596923_01,1,0,-0.79,0.33,0.49,0.7708333333333333,-0.6,0.0,1,0,0,0,1,0,0,0
001459530_01,0,1,0.04,0.67,0.26,0.29166666666666663,-0.27,0.8,0,1,0,0,0,0,0,1
001288732_01,0,0,-0.48,0.33,0.41,0.9166666666666666,1.82,0.2,0,0,0,1,0,1,0,0
001473474_01,0,0,-0.79,0.33,0.26,0.875,-0.6,0.2,0,1,0,0,0,0,0,1
000197672_01,0,0,-0.18,0.0,0.44,0.9166666666666666,2.01,1.0,0,0,0,1,0,0,0,1
000967375_01,1,1,-0.03,0.33,0.03,0.9166666666666666,-0.63,0.6,0,0,1,0,0,0,0,1
000314233_02,1,1,-0.36,0.5,0.37,0.7083333333333333,-0.6,0.0,1,0,0,0,0,0,0,1
000834976_06,0,0,-0.79,0.33,0.53,0.08333333333333333,-0.27,0.8,0,0,0,1,0,0,0,1
000278343_03,1,1,-0.47,0.83,0.09,0.6041666666666666,-0.61,0.0,0,0,1,0,0,1,0,0
000923602_01,1,1,0.02,0.0,0.17,0.6458333333333333,0.11,0.0,0,0,1,0,0,0,0,1
000585013_04,1,1,-0.16,0.5,0.09,0.25,-0.27,0.2,0,1,0,0,0,0,0,1
001220521_03,1,0,-0.79,0.33,0.01,0.35416666666666663,-0.08,1.0,0,0,1,0,0,1,0,0
000119159_03,1,0,-0.79,0.5,0.26,0.1875,-0.6,1.0,0,0,1,0,1,0,0,0
000088152_01,1,0,-0.79,0.33,0.31,0.8125,-0.6,0.0,1,0,0,0,0,0,0,1
001048778_01,1,1,-0.44,0.67,0.18,0.125,1.25,0.8,0,1,0,0,0,0,0,1
000530250_02,1,1,0.47,0.5,0.38,0.08333333333333333,-0.27,0.0,0,1,0,0,0,0,0,1
000175854_01,0,0,-0.68,0.33,0.19,0.875,-0.6,0.6,0,1,0,0,1,0,0,0
000695159_05,0,0,-0.79,0.5,0.55,0.25,0.3,0.0,0,1,0,0,0,1,0,0
001413282_01,1,0,-0.79,0.33,0.24,0.10416666666666666,-0.6,1.0,0,0,1,0,0,0,0,1
000018952_04,1,1,-0.21,0.17,0.26,0.08333333333333333,-0.27,0.2,0,1,0,0,0,0,0,1
000433425_04,1,1,-0.46,0.17,0.01,0.8541666666666666,-0.61,1.0,0,0,1,0,0,0,0,1
000758559_02,1,1,0.47,0.17,0.08,0.1875,-0.6,0.8,0,0,1,0,1,0,0,0
001297594_02,0,0,-0.79,0.5,0.42,0.875,0.3,0.6,0,1,0,0,0,0,0,1
001056476_01,1,1,0.6,0.33,0.03,0.20833333333333331,-0.6,0.8,0,1,0,0,0,0,0,1
001140013_06,0,0,-0.43,0.67,0.01,0.041666666666666664,-0.6,1.0,0,1,0,0,0,0,0,1
000366111_01,0,1,-0.51,0.33,0.03,0.875,-0.6,0.0,0,0,1,0,0,0,0,1
000033332_01,0,1,0.27,0.33,0.27,0.875,-0.08,0.4,0,1,0,0,0,0,0,1
000917331_01,0,0,-0.69,0.33,0.27,0.75,0.3,0.8,0,1,0,0,0,0,0,1
000160707_01,1,0,-0.7,0.0,0.09,0.6666666666666666,-0.6,0.8,0,0,1,0,0,0,0,1
000363644_02,1,0,-0.7,0.5,0.04,0.2708333333333333,-0.6,0.8,0,0,1,0,0,0,0,1
000639389_03,1,1,-0.64,0.17,0.06,0.875,-0.08,0.4,0,0,1,0,0,0,0,1
000146989_01,0,0,-0.79,0.33,0.1,0.875,-0.6,0.8,0,1,0,0,0,1,0,0
000663686_01,1,0,-0.03,0.17,0.27,0.0,-0.6,1.0,1,0,0,0,0,0,0,1
000193602_01,1,0,-0.65,0.33,0.49,0.375,-0.6,1.0,0,1,0,0,1,0,0,0
000991310_01,1,1,0.98,0.33,0.23,0.3958333333333333,-0.27,0.2,0,1,0,0,1,0,0,0
001261324_02,0,0,-0.44,0.0,0.41,0.5,-0.6,0.2,0,0,0,1,0,0,0,1
000008867_01,0,0,-0.79,0.33,0.21,0.6041666666666666,0.87,0.8,1,0,0,0,0,0,0,1
000579677_03,0,0,-0.79,0.5,0.36,0.08333333333333333,-0.08,1.0,0,0,0,1,0,1,0,0
000399564_02,0,0,-0.79,0.33,0.45,0.08333333333333333,-0.58,0.6,0,1,0,0,0,0,0,1
000727636_05,0,1,-0.03,0.67,0.18,0.08333333333333333,-0.27,0.8,0,0,1,0,0,0,0,1
001328281_02,0,0,0.08,0.33,0.45,0.10416666666666666,-0.61,0.6,1,0,0,0,0,0,0,1
000470225_02,1,1,-0.53,0.5,0.12,0.47916666666666663,-0.6,0.8,0,0,1,0,0,0,0,1
000210833_01,0,0,-0.52,0.17,0.28,0.9375,0.87,0.8,0,0,1,0,0,0,0,1
000599884_02,1,1,-0.16,0.33,0.22,0.9166666666666666,-0.6,0.2,0,1,0,0,0,0,0,1
000896291_02,1,0,-0.6,0.17,0.55,0.1875,-0.61,0.8,1,0,0,0,0,0,1,0
000604651_01,0,1,-0.75,0.17,0.38,0.9375,-0.6,0.4,0,0,1,0,0,0,0,1
001209774_01,1,1,-0.76,0.17,0.31,0.625,-0.6,0.2,0,1,0,0,0,0,0,1
000255083_01,1,1,-0.28,0.17,0.32,0.1875,-0.6,0.6,0,0,1,0,0,0,0,1
000471721_03,1,1,-0.58,0.17,1.0,0.6041666666666666,0.68,0.8,0,0,1,0,1,0,0,0
001256852_02,1,1,-0.03,0.33,0.32,0.5,1.25,0.2,0,1,0,0,0,1,0,0
000024249_04,0,1,0.49,1.0,0.19,0.08333333333333333,-0.46,1.0,0,0,1,0,0,1,0,0
000805693_01,1,1,0.15,0.5,0.42,0.25,1.25,0.6,0,1,0,0,0,1,0,0
000539345_02,1,0,-0.28,0.33,0.36,0.8125,-0.6,1.0,0,0,1,0,1,0,0,0
001228790_01,0,1,-0.28,0.17,0.03,0.1875,-0.6,1.0,0,0,1,0,0,0,0,1
000339429_01,1,1,-0.16,0.33,0.46,0.1875,-0.61,0.8,0,1,0,0,1,0,0,0
001349326_03,1,1,-0.39,0.0,0.37,0.6458333333333333,-0.61,1.0,0,1,0,0,0,0,0,1
000304121_01,1,0,-0.7,0.33,0.13,0.7291666666666666,-0.6,0.4,1,0,0,0,0,0,0,1
000838638_02,1,1,0.92,0.33,0.14,0.5625,0.3,1.0,0,0,1,0,0,1,0,0
000290664_01,1,1,0.22,0.0,0.13,0.7708333333333333,-0.6,0.4,0,0,1,0,0,0,0,1
001323219_01,1,1,-0.16,0.33,0.32,0.875,-0.6,0.4,1,0,0,0,1,0,0,0
000157199_03,0,1,-0.52,0.5,0.08,0.10416666666666666,0.11,0.4,0,0,1,0,0,1,0,0
000612698_02,0,0,-0.79,0.5,0.45,0.875,0.3,0.4,0,1,0,0,0,1,0,0
000194965_02,0,1,-0.74,0.17,0.27,0.6666666666666666,-0.6,0.8,0,1,0,0,0,1,0,0
001334846_03,1,0,-0.54,0.17,0.09,0.875,-0.6,0.4,0,0,1,0,0,0,0,1
000191155_01,1,1,1.61,0.17,0.28,0.47916666666666663,0.68,0.0,0,0,1,0,0,0,1,0
000554146_01,0,0,-0.79,0.17,0.17,0.6458333333333333,-0.6,0.2,0,0,1,0,0,0,0,1
000142469_03,0,0,-0.76,0.17,0.05,0.375,-0.6,0.4,0,0,1,0,0,1,0,0
001335997_01,1,1,0.08,0.17,0.32,0.9375,-0.6,0.8,0,0,1,0,0,0,0,1
000238856_03,0,1,-0.41,0.5,0.31,0.875,-0.6,0.0,1,0,0,0,0,1,0,0
001464373_01,1,1,-0.26,0.0,0.49,0.6458333333333333,-0.08,0.0,0,1,0,0,0,0,0,1
000320492_01,0,1,-0.13,0.67,0.15,0.7916666666666666,-0.6,1.0,0,0,1,0,0,1,0,0
001363945_01,1,1,-0.43,0.33,0.18,0.35416666666666663,0.49,0.0,0,1,0,0,0,0,0,1
001005808_04,1,0,-0.74,0.33,0.42,0.08333333333333333,-0.61,1.0,1,0,0,0,0,1,0,0
000748519_03,0,1,0.22,0.33,0.36,0.1875,-0.6,0.6,1,0,0,0,1,0,0,0
000371646_01,0,1,-0.17,0.17,0.54,0.08333333333333333,1.82,0.0,1,0,0,0,0,1,0,0
000859837_01,0,1,0.62,0.33,0.42,0.14583333333333331,-0.61,0.0,0,1,0,0,0,1,0,0
000385988_01,1,1,0.1,0.17,0.22,0.875,-0.6,0.2,0,0,1,0,0,0,0,1
000059981_02,1,1,-0.73,0.83,0.03,0.875,-0.6,0.8,0,0,1,0,1,0,0,0
000592051_01,1,1,-0.45,0.0,0.29,0.6458333333333333,-0.08,0.0,0,0,1,0,0,0,0,1
000215762_02,0,1,-0.18,0.17,0.46,0.7708333333333333,2.2,0.8,0,1,0,0,1,0,0,0
001074865_01,1,1,-0.48,0.33,0.24,0.2708333333333333,-0.6,0.6,0,1,0,0,0,1,0,0
001294064_01,0,1,-0.08,0.17,0.49,0.2708333333333333,-0.6,0.6,1,0,0,0,0,1,0,0
001302622_02,0,1,-0.66,0.33,0.09,0.75,-0.6,0.0,0,0,1,0,0,0,0,1
001297929_03,1,1,0.12,0.5,0.28,0.08333333333333333,-0.6,0.2,0,0,1,0,1,0,0,0
001211618_03,0,0,-0.6,0.33,0.31,0.875,-0.61,0.2,0,0,1,0,1,0,0,0
000091952_03,0,0,-0.79,0.33,0.29,0.1875,-0.6,0.8,0,1,0,0,0,1,0,0
000120046_03,0,1,-0.41,1.0,0.06,0.08333333333333333,0.3,0.4,0,0,1,0,0,1,0,0
001490871_02,0,0,-0.79,0.17,0.62,0.1875,-0.6,0.2,0,1,0,0,1,0,0,0
000247470_01,1,1,0.02,0.33,0.22,0.35416666666666663,2.2,0.6,0,1,0,0,0,0,1,0
000288492_01,0,0,-0.79,0.17,0.32,0.875,-0.6,0.6,0,0,0,1,0,0,0,1
000338620_02,1,0,-0.53,0.33,0.15,0.08333333333333333,-0.61,0.8,0,1,0,0,0,1,0,0
001043610_02,1,0,-0.79,0.0,0.32,0.35416666666666663,-0.6,0.6,0,1,0,0,1,0,0,0
001311637_05,0,1,0.0,0.33,0.09,0.6041666666666666,-0.08,0.6,0,0,1,0,0,0,0,1
000355705_01,0,0,-0.38,0.17,0.26,0.9166666666666666,-0.6,0.6,1,0,0,0,0,1,0,0
000704432_01,1,0,-0.79,0.33,0.14,0.08333333333333333,-0.6,0.4,0,0,1,0,0,0,0,1
001348966_02,1,1,-0.18,0.33,0.55,0.5625,-0.27,1.0,1,0,0,0,0,1,0,0
000511663_02,1,1,-0.18,0.5,0.54,0.08333333333333333,0.68,0.6,0,1,0,0,0,0,0,1
000221815_01,1,1,0.22,0.83,0.46,0.5208333333333333,-0.27,0.4,0,0,1,0,0,0,0,1
000844524_02,0,1,-0.54,0.33,0.45,0.10416666666666666,0.87,1.0,0,1,0,0,0,1,0,0
001454802_01,0,0,0.44,0.17,0.32,0.875,-0.6,0.8,0,0,0,1,1,0,0,0
001054713_02,0,1,-0.33,0.17,0.12,0.7083333333333333,-0.6,0.0,1,0,0,0,0,0,0,1
001517926_01,1,0,-0.34,0.33,0.0,0.8541666666666666,-0.6,0.2,0,0,1,0,0,0,0,1
000672748_02,0,1,-0.03,0.33,0.04,0.875,-0.6,1.0,0,0,1,0,0,0,0,1
000834721_01,0,1,-0.08,0.33,0.17,0.7291666666666666,0.11,0.6,0,1,0,0,0,0,1,0
000800408_02,1,0,-0.79,0.33,0.27,0.1875,1.25,0.8,0,0,1,0,0,1,0,0
000120907_02,1,1,0.42,0.17,0.13,0.875,-0.6,0.4,0,0,1,0,0,0,0,1
001280348_01,1,0,-0.79,0.33,0.51,0.35416666666666663,-0.6,1.0,0,0,0,1,0,0,0,1
000987486_01,0,1,-0.52,0.17,0.44,0.10416666666666666,-0.08,0.2,0,0,1,0,0,1,0,0
001276744_02,0,1,-0.23,0.33,0.09,0.47916666666666663,0.49,1.0,0,0,1,0,0,0,0,1
000492187_02,1,0,-0.74,0.17,0.09,0.4375,-0.61,1.0,0,0,1,0,0,0,0,1
000585981_01,1,0,-0.79,0.33,0.12,0.9583333333333333,-0.6,0.2,0,0,1,0,0,0,0,1
000130902_01,1,1,-0.28,0.33,1.0,0.875,-0.6,0.8,0,1,0,0,0,0,0,1
000173027_04,0,0,-0.79,0.33,0.15,0.9583333333333333,-0.08,0.2,0,0,1,0,0,1,0,0
000423438_01,0,1,-0.28,0.33,0.18,0.6041666666666666,-0.61,1.0,0,0,1,0,0,0,0,1
001065561_01,1,1,-0.28,0.17,0.41,0.7708333333333333,0.3,0.0,1,0,0,0,0,1,0,0
000529864_01,0,0,-0.78,0.17,1.0,0.7708333333333333,0.49,0.6,0,0,1,0,1,0,0,0
000531303_02,0,1,-0.51,0.33,0.26,0.875,-0.6,0.2,0,0,1,0,0,1,0,0
000933890_01,1,0,-0.79,0.33,0.27,0.08333333333333333,-0.6,0.4,0,1,0,0,0,0,0,1
000616984_06,0,1,-0.41,0.17,0.1,0.08333333333333333,-0.27,0.8,0,0,1,0,0,0,0,1
000811802_01,1,1,-0.53,0.17,0.42,0.08333333333333333,-0.63,1.0,1,0,0,0,1,0,0,0
001264542_01,0,1,-0.28,0.5,0.62,0.041666666666666664,-0.6,0.2,0,1,0,0,0,1,0,0
000979829_04,0,1,-0.33,0.0,0.13,0.7708333333333333,0.11,0.6,0,0,1,0,1,0,0,0
000201751_01,0,1,-0.08,0.17,0.12,0.08333333333333333,-0.58,0.8,1,0,0,0,0,0,0,1
001144961_03,0,0,-0.79,0.17,0.06,0.6666666666666666,-0.6,0.4,0,0,1,0,0,0,0,1
001342015_02,1,1,-0.03,0.5,0.09,0.1875,-0.6,0.4,0,0,1,0,1,0,0,0
000523673_01,0,1,-0.42,0.17,0.55,0.0,-0.6,0.0,1,0,0,0,0,0,0,1
000143820_01,1,1,1.38,0.33,0.45,0.5416666666666666,-0.6,0.8,1,0,0,0,1,0,0,0
000479640_01,0,1,-0.58,0.33,0.35,0.875,-0.6,0.4,1,0,0,0,0,0,0,1
000096389_02,1,1,-0.16,0.67,0.15,0.6041666666666666,2.4,0.0,0,1,0,0,0,1,0,0
000678869_02,1,1,-0.21,0.5,0.18,0.041666666666666664,0.11,1.0,0,0,1,0,1,0,0,0
001051481_01,0,1,-0.16,0.33,0.09,0.6666666666666666,-0.6,1.0,0,0,1,0,0,0,0,1
000386360_03,0,1,-0.77,0.5,0.01,0.041666666666666664,0.3,0.0,0,0,1,0,1,0,0,0
000590525_03,1,1,-0.27,0.67,0.31,0.10416666666666666,0.68,0.2,1,0,0,0,1,0,0,0
000538111_02,1,0,-0.71,0.5,0.06,0.6458333333333333,-0.61,0.4,0,0,1,0,0,1,0,0
001230452_02,0,1,-0.41,0.33,0.24,0.47916666666666663,2.97,0.2,1,0,0,0,0,0,1,0
000302650_01,1,1,0.12,0.17,0.08,0.25,-0.61,0.6,0,0,1,0,0,0,0,1
001232244_01,0,1,-0.68,0.17,0.1,0.5,-0.6,0.4,1,0,0,0,0,0,0,1
000509987_01,1,0,-0.71,0.33,0.06,0.14583333333333331,1.25,0.4,0,0,1,0,0,0,0,1
000414949_02,0,0,-0.79,0.5,0.05,0.8125,-0.61,0.0,0,0,1,0,0,0,0,1
000578862_01,0,1,0.52,0.0,0.19,0.6458333333333333,-0.61,1.0,0,0,1,0,0,0,0,1
000345638_02,1,0,-0.79,0.17,0.13,0.22916666666666666,-0.6,0.0,0,0,1,0,1,0,0,0
000798522_04,1,1,-0.16,0.0,0.22,0.20833333333333331,-0.6,0.6,0,0,1,0,0,0,0,1
000399832_03,1,1,-0.04,0.33,0.27,0.4583333333333333,0.11,0.2,1,0,0,0,0,1,0,0
000433136_01,0,1,-0.02,0.67,0.5,0.25,0.3,0.8,0,1,0,0,0,1,0,0
000195195_03,1,1,-0.68,0.5,0.14,0.5833333333333333,-0.6,1.0,0,0,1,0,1,0,0,0
000252102_02,0,0,-0.79,0.33,0.05,0.3333333333333333,0.3,0.8,0,1,0,0,0,0,0,1
000274220_01,1,1,0.1,0.17,0.37,0.875,-0.6,0.8,1,0,0,0,0,0,0,1
000007742_01,1,1,-0.66,0.17,0.21,0.0625,-0.6,0.2,1,0,0,0,0,0,0,1
001212819_01,0,1,0.27,0.5,0.41,0.6458333333333333,-0.61,0.6,0,1,0,0,0,0,0,1
001467174_01,0,0,-0.79,0.33,0.17,0.041666666666666664,-0.6,0.2,1,0,0,0,0,0,0,1
000229924_03,1,1,-0.41,0.5,0.31,0.4375,-0.27,0.2,1,0,0,0,0,1,0,0
000988863_01,1,1,0.47,0.17,0.5,0.7291666666666666,-0.6,0.4,1,0,0,0,1,0,0,0
000684333_06,0,1,-0.61,0.17,0.06,0.8125,-0.6,1.0,0,0,1,0,0,0,0,1
000997845_02,0,0,-0.79,0.33,0.05,0.875,-0.63,0.2,0,1,0,0,0,0,0,1
000716018_01,1,1,-0.66,0.33,0.24,0.20833333333333331,-0.6,0.4,0,1,0,0,0,0,0,1
000231209_01,1,1,0.1,0.33,0.28,0.4375,-0.27,0.4,1,0,0,0,0,0,0,1
000601733_01,0,0,-0.79,0.33,0.32,0.25,0.11,0.0,0,1,0,0,0,1,0,0
000867456_02,1,1,-0.43,0.0,0.19,0.875,-0.27,1.0,0,1,0,0,0,0,0,1
000070292_01,0,1,-0.34,0.5,0.37,0.08333333333333333,-0.61,0.6,1,0,0,0,1,0,0,0
000387101_02,1,0,-0.79,0.0,0.1,0.41666666666666663,-0.6,1.0,0,0,1,0,1,0,0,0
000564139_03,0,1,-0.58,0.33,0.4,0.4583333333333333,-0.6,0.6,1,0,0,0,0,1,0,0
000513099_01,0,1,-0.33,0.17,0.22,0.7291666666666666,0.11,0.2,1,0,0,0,1,0,0,0
001004929_01,1,1,-0.26,0.17,0.18,0.6666666666666666,-0.6,0.8,0,0,1,0,0,0,0,1
000681104_04,1,0,-0.75,0.67,0.09,0.5625,0.49,0.0,0,1,0,0,0,0,0,1
000044187_02,1,1,-0.53,0.33,0.0,0.9375,-0.6,0.4,0,0,1,0,0,0,0,1
000766207_06,1,1,0.02,0.33,0.18,0.875,0.11,0.8,0,0,1,0,1,0,0,0
000853354_03,1,1,0.12,0.5,0.36,0.10416666666666666,1.25,1.0,1,0,0,0,1,0,0,0
001124120_02,1,0,-0.79,0.17,0.31,0.1875,-0.6,1.0,0,1,0,0,0,1,0,0
000323409_01,0,1,-0.41,0.0,0.19,0.35416666666666663,-0.6,0.0,0,0,1,0,0,0,0,1
000133381_02,1,1,-0.61,0.17,0.09,0.0,-0.08,0.0,0,0,1,0,1,0,0,0
000690586_02,0,1,0.16,0.33,0.29,0.5416666666666666,0.68,0.8,0,1,0,0,0,1,0,0
000125578_02,1,1,1.35,0.33,0.24,0.1875,-0.6,0.6,1,0,0,0,0,0,0,1
001386767_01,1,1,0.75,0.33,0.19,0.10416666666666666,-0.6,1.0,0,0,1,0,0,1,0,0
000449614_01,0,1,-0.73,0.17,0.46,0.08333333333333333,-0.58,1.0,1,0,0,0,0,0,0,1
001051875_03,1,1,-0.26,0.33,0.05,0.08333333333333333,-0.08,0.6,0,0,1,0,0,1,0,0
000116709_03,1,0,-0.79,0.67,0.03,0.08333333333333333,-0.61,0.8,0,0,1,0,0,0,0,1
000752292_02,1,0,-0.77,0.33,0.49,0.875,-0.6,1.0,0,1,0,0,1,0,0,0
000820590_01,1,1,-0.53,0.17,0.26,0.1875,-0.6,0.4,0,0,1,0,0,0,0,1
001315905_01,1,0,-0.79,0.0,0.05,0.6458333333333333,0.49,1.0,0,0,1,0,0,0,0,1
001004422_04,1,1,-0.6,0.33,0.13,0.20833333333333331,-0.6,1.0,0,0,1,0,0,0,0,1
001341718_01,1,1,-0.41,0.0,0.49,0.8958333333333333,0.3,0.4,0,0,1,0,0,0,0,1
000065167_04,1,0,-0.79,0.33,0.78,0.08333333333333333,0.3,0.4,0,1,0,0,0,1,0,0
000469239_02,0,0,-0.48,0.17,0.37,0.7708333333333333,-0.08,0.4,0,1,0,0,1,0,0,0
000165408_03,1,1,0.1,0.33,0.06,0.1875,0.3,0.4,0,0,1,0,0,1,0,0
000618949_02,1,1,-0.18,0.33,0.23,0.08333333333333333,-0.27,0.8,0,1,0,0,0,0,0,1
001257976_01,0,1,-0.44,0.33,0.09,0.6666666666666666,-0.6,1.0,0,1,0,0,0,0,0,1
000161176_01,1,0,-0.63,0.33,0.29,0.9166666666666666,-0.6,0.6,0,1,0,0,0,0,0,1
001128527_02,0,1,-0.47,0.33,0.31,0.875,-0.6,1.0,0,1,0,0,0,0,0,1
000182380_02,1,1,-0.28,0.33,0.01,0.7083333333333333,3.16,0.8,0,0,1,0,0,1,0,0
000035396_04,1,1,-0.16,0.67,0.06,0.1875,-0.6,0.2,0,0,1,0,0,0,0,1
001217524_01,0,0,-0.79,0.33,0.27,0.875,-0.61,1.0,0,1,0,0,0,1,0,0
000222238_04,1,1,0.22,0.33,0.32,0.4375,-0.08,0.2,1,0,0,0,1,0,0,0
000247883_01,0,1,-0.23,0.5,0.45,0.875,-0.6,0.4,1,0,0,0,0,0,0,1
001475419_02,1,1,-0.66,0.33,0.41,0.7291666666666666,-0.6,0.6,0,1,0,0,0,1,0,0
000698729_01,0,1,0.4,0.33,0.58,0.1875,-0.6,0.8,0,1,0,0,0,1,0,0
001161883_02,1,1,0.1,0.5,0.22,0.875,-0.6,1.0,0,1,0,0,1,0,0,0
001091559_03,0,0,-0.65,0.67,0.06,0.875,-0.27,0.0,0,0,1,0,0,1,0,0
000272949_01,0,1,-0.28,0.5,0.04,0.1875,-0.6,0.4,0,1,0,0,0,1,0,0
000940407_03,1,1,-0.53,0.33,0.15,0.875,1.25,0.8,0,0,1,0,1,0,0,0
001300072_01,1,1,1.73,0.17,0.06,0.6458333333333333,-0.63,0.2,0,0,1,0,0,0,1,0
001366151_02,1,1,-0.66,0.5,0.06,0.7708333333333333,0.11,0.4,0,0,1,0,1,0,0,0
001300009_04,0,0,-0.79,0.17,0.32,0.1875,-0.6,0.2,0,0,1,0,0,0,0,1
000912065_02,1,0,-0.79,0.33,0.47,0.0,1.06,0.4,0,0,1,0,0,1,0,0
001222968_03,1,1,-0.66,0.83,0.03,0.7708333333333333,-0.6,0.2,0,0,1,0,0,1,0,0
001521410_04,0,0,-0.79,0.33,0.55,0.0,-0.6,0.0,1,0,0,0,0,0,0,1
001282314_08,1,1,0.22,0.5,0.28,0.041666666666666664,-0.6,0.8,0,1,0,0,0,0,0,1
000304927_04,1,0,-0.79,0.33,0.5,0.9166666666666666,-0.6,0.2,1,0,0,0,0,1,0,0
000538956_03,1,1,0.22,1.0,0.08,0.9375,0.87,0.2,0,0,1,0,0,0,0,1
001305874_03,1,1,-0.61,0.17,0.29,0.16666666666666666,-0.63,1.0,1,0,0,0,0,0,0,1
000588680_01,1,1,0.52,0.0,0.36,0.16666666666666666,-0.58,0.2,0,1,0,0,0,0,0,1
000059442_01,0,1,0.17,0.33,0.33,0.7291666666666666,0.68,0.6,1,0,0,0,0,0,0,1
001021077_01,1,1,-0.36,0.17,0.08,0.20833333333333331,-0.6,0.6,0,0,1,0,0,0,0,1
000171312_03,1,0,-0.28,0.0,0.26,0.6666666666666666,0.87,1.0,0,0,1,0,0,1,0,0
001480628_05,0,0,-0.21,0.33,0.59,0.1875,-0.6,0.0,0,0,0,1,1,0,0,0
000934308_02,1,1,-0.61,0.17,0.03,0.9375,-0.6,0.6,0,0,1,0,0,0,0,1
000225931_02,0,1,-0.66,0.5,0.0,0.875,-0.27,0.2,0,0,1,0,1,0,0,0
000452213_03,1,0,-0.79,0.5,0.21,0.20833333333333331,-0.08,0.6,0,0,1,0,1,0,0,0
000779646_04,0,1,-0.03,0.17,0.03,0.3125,-0.08,0.8,0,0,1,0,0,0,0,1
001026679_01,1,0,-0.48,0.17,0.4,0.9166666666666666,-0.6,0.6,0,1,0,0,1,0,0,0
000504218_01,0,1,-0.48,0.5,0.41,0.2708333333333333,-0.6,0.0,0,1,0,0,1,0,0,0
000742891_01,0,0,-0.79,0.33,0.1,0.5,0.3,0.6,0,1,0,0,0,0,0,1
000620831_01,0,1,-0.19,0.17,0.17,0.875,-0.6,1.0,0,0,1,0,0,1,0,0
000180228_02,0,0,-0.79,0.33,0.12,0.1875,-0.6,0.8,0,1,0,0,0,0,0,1
000221496_01,1,0,-0.74,0.33,0.56,0.6458333333333333,-0.46,0.2,0,1,0,0,0,1,0,0
001357496_01,1,1,-0.41,0.5,0.29,0.875,-0.6,0.4,0,1,0,0,0,0,0,1
000592823_01,1,1,0.1,0.17,0.46,0.041666666666666664,-0.6,0.2,1,0,0,0,1,0,0,0
000799530_02,1,1,-0.28,0.33,0.18,0.08333333333333333,0.68,0.8,0,1,0,0,0,0,0,1
000548335_02,1,0,-0.79,0.0,0.44,0.6458333333333333,-0.61,1.0,0,1,0,0,0,0,0,1
000228036_01,1,1,-0.65,0.0,0.28,0.875,-0.08,0.4,0,1,0,0,0,0,0,1
000379135_01,0,0,-0.48,0.17,0.03,0.7083333333333333,-0.6,0.4,0,0,1,0,0,0,0,1
000955389_02,0,0,-0.71,0.17,0.41,0.875,-0.6,0.0,0,0,1,0,1,0,0,0
000563711_03,1,1,-0.47,0.17,0.03,0.041666666666666664,-0.6,0.8,0,0,1,0,0,0,0,1
001262484_02,1,1,0.1,0.67,0.22,0.625,-0.6,0.4,0,1,0,0,1,0,0,0
001287464_02,1,1,0.17,0.33,0.47,0.041666666666666664,0.11,0.2,0,0,1,0,1,0,0,0
000503491_05,0,1,0.35,0.33,0.28,0.25,-0.08,0.2,1,0,0,0,0,1,0,0
000536128_02,1,0,-0.61,0.33,0.12,0.5625,0.68,0.6,0,0,1,0,0,1,0,0
001109323_01,1,1,-0.28,0.17,0.17,0.875,0.87,1.0,0,0,1,0,1,0,0,0
000733995_02,0,0,-0.79,0.33,0.21,0.7291666666666666,1.06,0.6,0,0,1,0,0,1,0,0
001148041_01,1,1,-0.41,0.17,0.41,0.20833333333333331,0.49,0.6,0,1,0,0,0,0,0,1
000743493_02,1,1,2.24,0.33,0.32,0.9375,0.87,0.6,0,1,0,0,0,1,0,0
000332337_01,1,1,-0.46,0.17,0.19,0.875,-0.6,0.0,0,0,1,0,0,0,0,1
001451260_01,1,1,-0.33,0.33,0.46,0.6041666666666666,-0.61,0.0,0,1,0,0,0,0,0,1
000879251_01,0,1,-0.28,0.17,0.51,0.125,2.78,0.6,1,0,0,0,0,1,0,0
000970738_03,1,0,-0.65,0.33,0.03,0.1875,-0.6,0.0,0,0,1,0,0,1,0,0
000698677_02,1,1,-0.03,0.0,0.15,0.25,1.63,0.2,0,0,1,0,0,0,0,1
000125135_02,1,0,-0.28,0.17,0.26,0.5,0.11,0.8,0,0,1,0,0,0,0,1
000500816_02,0,0,-0.26,0.33,0.21,0.08333333333333333,-0.61,0.0,0,1,0,0,1,0,0,0
000062769_06,0,0,-0.79,0.17,0.04,0.6458333333333333,1.82,0.0,0,0,1,0,0,0,0,1
001194201_01,1,1,-0.38,0.5,0.23,0.9375,-0.6,0.4,0,1,0,0,0,1,0,0
000543385_05,0,1,-0.5,1.0,0.03,0.08333333333333333,4.11,0.8,0,0,1,0,0,1,0,0
000088829_01,1,1,-0.36,0.17,0.14,0.8125,-0.6,1.0,0,0,1,0,0,0,0,1
000251615_01,0,1,0.12,0.33,0.12,0.1875,-0.6,0.0,0,0,1,0,0,0,0,1
000143062_01,1,0,-0.79,0.33,0.29,0.7083333333333333,-0.6,0.4,0,0,1,0,0,0,0,1
001277639_01,1,0,-0.77,0.33,0.49,0.08333333333333333,-0.6,0.8,1,0,0,0,0,0,0,1
001059920_01,1,1,0.93,0.67,0.03,0.6458333333333333,0.3,0.8,0,0,1,0,0,0,0,1
000090703_03,1,1,-0.03,0.67,0.41,0.08333333333333333,0.11,1.0,0,1,0,0,0,0,0,1
000934337_01,1,0,0.02,0.5,0.28,0.1875,-0.6,0.6,0,1,0,0,0,0,0,1
000630221_02,0,0,-0.79,0.33,0.74,0.4583333333333333,-0.6,0.2,1,0,0,0,0,0,0,1
001460450_01,1,1,0.4,0.33,0.28,0.1875,-0.6,0.0,0,1,0,0,0,1,0,0
000331421_01,0,1,2.49,0.67,0.4,0.10416666666666666,0.11,0.6,0,0,1,0,0,0,0,1
001334313_01,0,1,-0.53,0.0,0.1,0.35416666666666663,0.3,0.4,0,0,1,0,0,0,0,1
000253462_03,0,0,-0.79,0.17,0.63,0.1875,-0.6,0.0,0,1,0,0,0,1,0,0
001500726_01,0,1,-0.13,0.17,0.47,0.10416666666666666,-0.6,0.0,1,0,0,0,0,0,0,1
001511040_01,1,0,-0.79,0.33,0.4,0.47916666666666663,-0.6,1.0,1,0,0,0,0,0,0,1
001266413_03,1,0,-0.79,0.33,0.19,0.6458333333333333,1.82,0.6,0,0,1,0,0,1,0,0
000400444_02,1,0,-0.79,0.17,0.08,0.20833333333333331,-0.6,0.4,0,0,1,0,0,0,0,1
000148498_02,1,1,1.73,0.5,0.33,0.6458333333333333,1.25,1.0,0,0,1,0,0,0,0,1
001019475_01,1,0,-0.79,0.17,0.58,0.7291666666666666,0.11,0.6,0,0,0,1,0,0,1,0
000338158_02,1,1,-0.61,0.33,0.13,0.875,-0.6,0.4,0,1,0,0,0,0,0,1
000042797_01,1,1,-0.41,0.17,0.06,0.4583333333333333,-0.63,0.2,0,0,1,0,0,0,0,1
001449354_01,0,0,-0.79,0.17,0.23,0.875,-0.6,0.2,0,1,0,0,0,0,0,1
001082623_01,1,1,0.6,0.33,0.12,0.6666666666666666,-0.27,0.2,0,0,1,0,0,0,0,1
000731814_01,1,0,-0.79,0.33,0.17,0.875,-0.6,0.6,0,1,0,0,0,0,0,1
001274533_02,1,1,0.47,0.33,0.26,0.20833333333333331,0.11,1.0,0,1,0,0,1,0,0,0
000011493_01,0,1,-0.77,0.33,0.03,0.8958333333333333,-0.6,1.0,0,0,1,0,0,0,0,1
000583558_03,1,0,-0.79,0.5,0.1,0.041666666666666664,-0.27,0.2,0,0,1,0,0,1,0,0
000847623_02,1,1,-0.03,0.17,0.44,0.5208333333333333,-0.61,0.4,1,0,0,0,0,0,0,1
001086500_04,1,1,1.76,0.67,0.05,0.875,-0.6,0.2,0,0,1,0,0,0,0,1
000533075_01,1,1,-0.08,0.17,0.44,0.375,-0.6,1.0,0,0,1,0,0,1,0,0
000126812_02,1,1,0.75,0.5,0.09,0.020833333333333332,-0.63,0.0,0,0,1,0,0,0,0,1
000599598_01,1,1,0.13,0.33,0.31,0.1875,-0.6,0.4,0,1,0,0,1,0,0,0
000093169_04,1,1,1.03,0.5,0.28,0.6666666666666666,-0.46,0.6,0,1,0,0,0,1,0,0
000057955_02,1,1,-0.63,0.17,0.28,0.1875,0.87,0.2,0,1,0,0,0,0,0,1
000576384_01,1,1,3.75,0.0,0.19,0.6458333333333333,-0.61,0.0,0,0,1,0,0,0,0,1
000222961_02,0,0,-0.79,0.5,0.6,0.1875,-0.6,0.0,0,1,0,0,0,1,0,0
001121884_05,1,1,0.47,0.33,0.0,0.1875,-0.6,0.6,0,0,1,0,0,0,0,1
000672662_01,0,0,-0.77,1.0,0.33,0.1875,-0.6,0.2,0,1,0,0,1,0,0,0
000869431_01,1,1,0.32,0.33,0.45,0.875,0.49,0.0,0,1,0,0,0,0,0,1
000001715_01,1,1,0.47,0.17,0.14,0.3958333333333333,-0.6,0.8,0,0,1,0,1,0,0,0
000113691_04,1,1,-0.48,0.33,0.23,0.4375,0.87,1.0,1,0,0,0,1,0,0,0
000370683_03,0,0,-0.79,0.33,0.09,0.6458333333333333,-0.63,0.0,0,0,1,0,0,0,0,1
000257318_02,0,1,3.24,0.5,0.19,0.6666666666666666,-0.6,0.2,0,1,0,0,0,0,0,1
000158601_02,0,0,-0.79,0.33,0.4,0.9375,0.11,0.8,0,1,0,0,0,0,0,1
000961606_04,1,0,-0.79,0.17,0.12,0.6666666666666666,-0.27,1.0,0,0,1,0,0,1,0,0
001063357_01,0,1,3.24,0.33,0.38,0.9166666666666666,2.2,0.4,1,0,0,0,1,0,0,0
000613999_02,1,0,-0.79,0.17,0.0,0.35416666666666663,-0.6,0.0,0,0,1,0,0,1,0,0
000087463_03,0,0,-0.79,0.67,0.17,0.3958333333333333,-0.6,0.4,0,0,1,0,0,1,0,0
001080446_02,0,0,-0.79,0.17,0.19,0.8125,-0.6,0.6,0,1,0,0,0,0,0,1
